Workbook

Sheet 01
A1: =CONCATENATE("Ежедневный отчет производства и отгрузки за 01 ",Q1) -> Ежедневный отчет производства и отгрузки за 01 август | Q1: август
Q2: 31
A3: Наименование | B3: ЕдИзм | C3: План на месяц | D3: Остатки на складе на начало месяца | E3: Производство/поступление | J3: Отгружено со склада/отпущено в производство/перемещение | L3: Остаток на складе на конец суток | M3: Акты ОКК о переводе марок/перемещение между складами | N3: Перемещения | O3: Комментарии
E4: план на сутки | F4: факт за сутки | G4: план с начала месяца | H4: факт с начала месяца | I4: % | J4: факт за сутки | K4: факт с начала месяца
A5: Клинкер всего | B5: т | C5: =C6+C9 -> 160800 | D5: =D6+D9+D8 -> 143025.21 | E5: =E6+E9 -> 6700 | F5: =F6+F9 -> 6289.0515 | G5: =G6+G9 -> 6700 | H5: =H6+H9 -> 6289.0515 | I5: =IFERROR((H5/G5),0) -> 0.93866441 | J5: =J6+J9 -> 6404.3194 | K5: =K6+K9+K8 -> 6404.3194 | L5: =L6+L9+L8 -> 142909.95
A6: Клинкер грейферный склад | B6: т | C6: 0 | D6: 15952.92 | E6: 0 | G6: =E6 -> 0 | H6: =F6 -> 0 | K6: =J6 -> 0 | L6: =D6+H6-K6-M6+N6 -> 15952.92 | N6: 0
A7: Клинкер некондиция (шихта) | B7: т | D7: 0 | F7: 0 | H7: =F7 -> 0 | K7: =J7 -> 0 | L7: =D7+H7-K7-M7+N7 -> 0
A8: клинкер некондиционный склад БСУ | B8: т | D8: 0 | H8: =F8 -> 0 | K8: =J8 -> 0 | L8: =D8+H8-K8 -> 0
A9: Клинкер сухой линии в т.ч.: | B9: т | C9: 160800 | D9: =D10+D11+D12+D13 -> 127072.29 | E9: 6700 | F9: =F10+F11+F12+F13 -> 6289.0515 | G9: =E9 -> 6700 | H9: =H10+H11+H12+H13 -> 6289.0515 | I9: =IFERROR((H9/G9),0) -> 0.93866441 | J9: =J10+J11+J12+J13 -> 6404.3194 | K9: =K10+K11+K12+K13 -> 6404.3194 | L9: =D9+H9-K9+M9-N9 -> 126957.03 | N9: 0 | Q9: -23266.572 | R9: =J9-Q9 -> 29670.891
A10: клинкер в силосе | B10: т | D10: 56300.274 | F10: 6289.0515 | G10: =E10 -> 0 | H10: =F10 -> 6289.0515 | J10: 6404.3194 | K10: =J10 -> 6404.3194 | L10: =D10+H10-K10 -> 56185.006
A11: Клинкер СС грейферный склад | B11: т | D11: 18224.017 | G11: =E11 -> 0 | H11: =F11 -> 0 | J11: 0 | K11: =J11 -> 0 | L11: =D11+H11-K11 -> 18224.017
A12: клинкер на площадку (за шатровый склад) | B12: т | C12: 0 | D12: 52548.003 | E12: =C12/31 -> 0 | G12: =E12 -> 0 | H12: =F12 -> 0 | I12: =IFERROR((H12/G12),0) -> 0 | K12: =J12 -> 0 | L12: =D12+H12-K12 -> 52548.003
A13: клинкер на площадку (лессовый) | B13: т | D13: 0 | H13: =F13 -> 0 | K13: =J13 -> 0 | L13: =D13+H13-K13 -> 0
A14: Цемент в силосах всего, в том числе: | B14: т | C14: =SUM(C15:C21) -> 195040 | D14: =SUM(D15:D21) -> 25904.614 | E14: =SUM(E15:E21) -> 5044 | F14: =SUM(F15:F21) -> 6863.1288 | G14: =SUM(G15:G21) -> 5044 | H14: =SUM(H15:H21) -> 6863.1288 | I14: =IFERROR((H14/G14),0) -> 1.360652 | J14: =SUM(J15:J21) -> 6788.8 | K14: =SUM(K15:K21) -> 6788.8 | L14: =SUM(L15:L21) -> 25978.943 | S14: Клинкер фактор | T14: =J5/F14 -> 0.93314866
A15: ЦЕМ II/А-Г 32.5Н | B15: т | C15: 0 | D15: 0 | E15: 0 | F15: 0 | G15: =E15 -> 0 | H15: =F15 -> 0 | I15: =IFERROR((H15/G15),0) -> 0 | J15: 0 | K15: =J15 -> 0 | L15: =D15+H15-K15+M15 -> 0
A16: ЦEМ II/B-K(З-И) 42,5H | B16: т | C16: 44352 | D16: 6069.3573 | E16: 1147.0031 | F16: 33.198514 | G16: =E16 -> 1147.0031 | H16: =F16 -> 33.198514 | I16: =IFERROR((H16/G16),0) -> 0.0289437 | J16: =IFERROR(SUMIF(A101:A114,A16,E101:E114),0)+E111+E112+E113 -> 1345.25 | K16: =J16 -> 1345.25 | L16: =D16+H16-K16+M16 -> 4757.3058
A17: AMD - 1000 | B17: т | C17: 0 | D17: 483.2374 | E17: 0 | F17: 0 | G17: =E17 -> 0 | H17: =F17 -> 0 | I17: =IFERROR((H17/G17),0) -> 0 | J17: =IFERROR(SUMIF(A102:A115,A17,E102:E115),0)+E116+E119+E121+E114 -> 0 | K17: =J17 -> 0 | L17: =D17+H17-K17+M17 -> 483.2374 | S17: Коэф. мука-клинкер | T17: =O51/F5 -> 1.644746
A18: ЦEМ II/B-K(З-И) 32,5H | B18: т | C18: 1360 | D18: 3183.2381 | G18: =E18 -> 0 | H18: =F18 -> 0 | I18: =IFERROR((H18/G18),0) -> 0 | J18: =IFERROR(SUMIF(A102:A115,A18,E102:E115),0)+E118+E120 -> 0 | K18: =J18 -> 0 | L18: =D18+H18-K18+M18 -> 3183.2381
A19: ЦЕМ I 52.5Н | B19: т | C19: 145770 | D19: 12764.734 | E19: 3769.8107 | F19: 6829.9303 | G19: =E19 -> 3769.8107 | H19: =F19 -> 6829.9303 | I19: =IFERROR((H19/G19),0) -> 1.8117436 | J19: =IFERROR(SUMIF(A102:A115,A19,E102:E115),0)+E117+E115+E122 -> 5443.55 | K19: =J19 -> 5443.55 | L19: =D19+H19-K19+M19 -> 14151.114
A20: ЦЕМ I 42.5Н СС | B20: т | C20: 3558 | D20: 3404.048 | E20: 92.014725 | F20: 0 | G20: =E20 -> 92.014725 | H20: =F20 -> 0 | I20: =IFERROR((H20/G20),0) -> 0 | J20: =IFERROR(SUMIF(A102:A115,A20,E102:E115),0) -> 0 | K20: =J20 -> 0 | L20: =D20+H20-K20+M20 -> 3404.048
A21: ЦЕМ I 42.5Н | B21: т | C21: 0 | D21: 8.7766239e-11 | E21: 35.171452 | F21: 0 | G21: =E21 -> 35.171452 | H21: =F21 -> 0 | I21: =IFERROR((H21/G21),0) -> 0 | J21: =IFERROR(SUMIF(A102:A115,A21,E102:E115),0) -> 0 | K21: =J21 -> 0 | L21: =D21+H21-K21-M21 -> 8.7766239e-11
A22: AMD - 6 (навал) | C22: 1100 | D22: 2833.7506 | E22: 0 | F22: 0 | G22: =E22 -> 0 | H22: =F22 -> 0 | J22: =IFERROR(SUMIF(A103:A123,A22,E103:E123),0)+E109 -> 449.6 | K22: =J22 -> 449.6 | L22: =D22+H22-K22-M22 -> 2384.1506
A23: Тара: МКР | B23: т | C23: 0 | D23: =SUM(D24:D27) -> 52 | E23: 0 | F23: =SUM(F24:F29) -> 0 | G23: =E23 -> 0 | H23: =SUM(H24:H29) -> 0 | I23: =IFERROR((H23/G23),0) -> 0 | J23: =SUM(J24:J29) -> 0 | K23: =J23 -> 0 | L23: =D23+H23-K23+M23 -> 52
A24: ЦEМ II/А-K(З-И) 42,5H Портландцемент композиционный (МКР) | B24: т | D24: 0 | F24: 0 | G24: =E24 -> 0 | H24: =F24 -> 0 | J24: 0 | K24: =J24 -> 0 | L24: =D24+H24-K24-M24 -> 0
A25: ЦEМ II/B-K(З-И) 42,5H Портландцемент композиционный (МКР) | B25: т | D25: 16 | F25: 0 | G25: =E25 -> 0 | H25: =F25 -> 0 | J25: 0 | K25: =J25 -> 0 | L25: =D25+H25-K25-M25 -> 16
A26: ЦEМ I 52,5H Портландцемент (МКР) | B26: т | D26: 36 | F26: 0 | G26: =E26 -> 0 | H26: =F26 -> 0 | J26: 0 | K26: =J26 -> 0 | L26: =D26+H26-K26-M26 -> 36
A27: ЦЕМ I 42.5Н | B27: т | D27: 0 | F27: 0 | G27: =E27 -> 0 | H27: =F27 -> 0 | K27: =J27 -> 0 | L27: =D27+H27-K27-M27 -> 0
B28: т | F28: =J28 -> 0 | G28: =E28 -> 0 | H28: =F28 -> 0 | K28: =J28 -> 0 | L28: =D28+H28-K28-M28 -> 0
B29: т | F29: =J29 -> 0 | G29: =E29 -> 0 | H29: =F29 -> 0 | K29: =J29 -> 0 | L29: =D29+H29-K29-M29 -> 0
A30: Тара: паллеты | B30: т | D30: =SUM(D31:D34) -> 1513.6 | F30: =SUM(F31:F37) -> 197.12 | G30: =E30 -> 0 | H30: =SUM(H31:H37) -> 197.12 | I30: =IFERROR((H30/G30),0) -> 0 | J30: =SUM(J31:J37) -> 519.2 | K30: =J30 -> 519.2 | L30: =D30+H30-K30-M30 -> 1191.52
A31: ЦЕМ II/А-К (З-И) 42,5Н | B31: т | D31: 0 | F31: 0 | G31: =E31 -> 0 | H31: =F31 -> 0 | J31: 0 | K31: =J31 -> 0 | L31: =D31+H31-K31-M31 -> 0 | T31: =300+T30 -> 300
A32: ЦEМ II/B-K(З-И) 42,5H | B32: т | D32: 1508.32 | F32: 197.12 | G32: =E32 -> 0 | H32: =F32 -> 197.12 | J32: 519.2 | K32: =J32 -> 519.2 | L32: =D32+H32-K32-M32 -> 1186.24
A33: ЦЕМ I 52.5Н | B33: т | D33: 5.28 | F33: 0 | G33: =E33 -> 0 | H33: =F33 -> 0 | J33: 0 | K33: =J33 -> 0 | L33: =D33+H33-K33-M33 -> 5.28
A34: ЦЕМ I 42.5Н | B34: т | D34: 0 | F34: 0 | G34: =E34 -> 0 | H34: =F34 -> 0 | K34: =J34 -> 0 | L34: =D34+H34-K34-M34 -> 0
B35: т | F35: =J35 -> 0 | G35: =E35 -> 0 | H35: =F35 -> 0 | K35: =J35 -> 0 | L35: =D35+H35-K35-M35 -> 0
A36: Песок природный | B36: т | C36: 3500 | D36: 1673.24 | F36: =J36 -> 0 | G36: =E36 -> 0 | J36: 0 | K36: =J36 -> 0 | L36: =D36+H36-K36-M36 -> 1673.24
A37: Щебень фракции 5-20 | B37: т | C37: 0 | D37: 294.64 | F37: =J37 -> 0 | G37: =E37 -> 0 | J37: 0 | K37: =J37 -> 0 | L37: =D37+H37-K37-M37 -> 294.64
A38: Известняк общий: | B38: т | C38: 153958.11 | D38: 1756.983 | E38: =C38/31 -> 4966.3906 | F38: =SUM(F39:F41) -> 2448.1896 | G38: =E38 -> 4966.3906 | H38: =F38 -> 2448.1896 | I38: =IFERROR((H38/G38),0) -> 0.49295149 | J38: =SUM(J39:J40) -> 2448.1896 | K38: =SUM(K39:K40) -> 2448.1896 | L38: =D38+H38-K38 -> 1756.983
A39: известняк на шатровый склад | B39: т | D39: 0 | F39: 2448.1896 | H39: =F39 -> 2448.1896 | J39: =F39 -> 2448.1896 | K39: =J39 -> 2448.1896
A40: известняк на помол | B40: т | F40: 0 | H40: =F40 -> 0 | J40: 0 | K40: =J40 -> 0
A41: известняк на цемент мокрый | B41: т | H41: =F41 -> 0 | K41: =J41 -> 0
A42: известняк на цемент сухой | B42: т | H42: =F42 -> 0 | K42: =J42 -> 0
A43: Мергель | B43: т | C43: 96601.879 | E43: =C43/30 -> 3220.0626 | F43: 3262.8 | G43: =E43 -> 3220.0626 | H43: =F43 -> 3262.8 | I43: =IFERROR((H43/G43),0) -> 1.0132722 | J43: =F43 -> 3262.8 | K43: =J43 -> 3262.8 | L43: =D43+H43-K43 -> 0
A44: Глина (лёсс) всего: | B44: т | C44: 40846.933 | D44: 3759.4565 | E44: =C44/30 -> 1361.5644 | F44: 2931 | G44: =E44 -> 1361.5644 | H44: =F44 -> 2931 | I44: =IFERROR((H44/G44),0) -> 2.1526708 | J44: 1846.4604 | K44: =J44 -> 1846.4604 | L44: =D44+H44-K44 -> 4843.9961
A45: лесс на мокрый | D45: 0 | F45: 0 | K45: =J45 -> 0
A46: лесс на сухой | D46: 0 | H46: =F46 -> 0 | K46: =J46 -> 0
A47: лесс корректировочный | K47: =J47 -> 0
A48: Сырьевая смесь | B48: т | C48: 238663.47 | D48: 14554.972 | E48: =C48/30 -> 7955.4488 | F48: 5710.9896 | G48: =E48 -> 7955.4488 | H48: =F48 -> 5710.9896 | I48: =IFERROR((H48/G48),0) -> 0.71787145 | J48: 10123.153 | K48: =J48 -> 10123.153 | L48: =D48+H48-K48 -> 10142.809
A49: Сырьевая мука, в т.ч.: | B49: т | C49: =SUM(C50:C51) -> 256898.95 | D49: =D50+D51 -> 6890.392 | E49: =SUM(E50:E51) -> 11500 | F49: =SUM(F50:F51) -> 11803.018 | G49: =SUM(G50:G51) -> 11500 | H49: =SUM(H50:H51) -> 11803.018 | I49: =IFERROR((H49/G49),0) -> 1.0263494 | J49: =SUM(J50:J51) -> 9774.9784 | K49: =SUM(K50:K51) -> 9774.9784 | L49: =D49+H49-K49+M49 -> 8918.4317
A50: Производства №1 | B50: т | C50: 0 | D50: 2323.23 | E50: 0 | G50: =E50 -> 0 | H50: =F50 -> 0 | I50: =IFERROR((H50/G50),0) -> 0 | K50: =J50 -> 0 | L50: =D50+H50-K50+M50 -> 2323.23
A51: Производства №2 | B51: т | C51: 256898.95 | D51: 4567.162 | E51: 11500 | F51: 11803.018 | G51: =E51 -> 11500 | H51: =F51 -> 11803.018 | I51: =IFERROR((H51/G51),0) -> 1.0263494 | J51: =O51-P51 -> 9774.9784 | K51: =J51 -> 9774.9784 | L51: =D51+H51-K51+M51 -> 6595.2017 | O51: 10343.892 | P51: =O51*0.055 -> 568.91409 | Y51: гипс | Z51: =L54 -> 13157.413
A52: Покупное сырье всего, в т.ч.: | B52: т | Y52: огарка | Z52: =L55 -> 3544.9796
A53: Глиеж | B53: т | C53: 0 | D53: 0 | E53: =C53/$Q$2 -> 0 | F53: 0 | G53: =E53 -> 0 | H53: =F53 -> 0 | I53: =IFERROR((H53/G53),0) -> 0 | K53: =J53 -> 0 | L53: =D53+H53-K53 -> 0
A54: Гипс | B54: т | C54: 10000 | D54: 13684.916 | E54: =C54/$Q$2 -> 322.58065 | F54: 0 | G54: =E54 -> 322.58065 | H54: =F54 -> 0 | I54: =IFERROR((H54/G54),0) -> 0 | J54: 527.50283 | K54: =J54 -> 527.50283 | L54: =D54+H54-K54 -> 13157.413 | Y54: уголь | Z54: =L63 -> 4400.5544
A55: Добавки железосодержащие(Консенсус) | B55: т | C55: 17000 | D55: 3999.5666 | E55: =C55/$Q$2 -> 548.3871 | F55: 0 | G55: =E55 -> 548.3871 | H55: =F55 -> 0 | I55: =IFERROR((H55/G55),0) -> 0 | J55: 454.58701 | K55: =J55 -> 454.58701 | L55: =D55+H55-K55 -> 3544.9796 | R55: =D55+H55-K55 -> 3544.9796 | Y55: золошлак | Z55: =L58 -> 3480.6938
A56: Каолин | B56: т | C56: 0 | D56: 0 | E56: =C56/$Q$2 -> 0 | F56: 0 | G56: =E56 -> 0 | H56: =F56 -> 0 | I56: =IFERROR((H56/G56),0) -> 0 | K56: =J56 -> 0 | L56: =D56+H56-K56 -> 0
A57: Фосфозол | B57: т | C57: 0 | D57: 178.075 | E57: =C57/$Q$2 -> 0 | F57: 0 | G57: =E57 -> 0 | H57: =F57 -> 0 | I57: =IFERROR((H57/G57),0) -> 0 | K57: =J57 -> 0 | L57: =D57+H57-K57 -> 178.075 | Y57: песок | Z57: =L59 -> 4269.088
A58: Золошлак | B58: т | C58: 0 | D58: 3480.6938 | E58: =C58/$Q$2 -> 0 | F58: 0 | G58: =E58 -> 0 | H58: =F58 -> 0 | I58: =IFERROR((H58/G58),0) -> 0 | J58: 0 | K58: =J58 -> 0 | L58: =D58+H58-K58 -> 3480.6938 | Y58: руда | Z58: =L62 -> 1531.725
A59: Песок мелкозернистый | B59: т | D59: 4269.088 | F59: 0 | H59: =F59 -> 0 | J59: 0 | K59: =J59 -> 0 | L59: =D59+H59-K59 -> 4269.088
A60: Интенсификатор помола | B60: т | D60: 0 | H60: =F60 -> 0 | K60: =J60 -> 0 | L60: =D60+H60-K60 -> 0
A61: Вторичный цемент | B61: т | D61: 1063.653 | H61: =F61 -> 0 | J61: =D139+D141 -> 0 | K61: =J61 -> 0 | L61: =D61+H61-K61 -> 1063.653
A62: Железосодержащая руда | B62: т | C62: 0 | D62: 1531.725 | F62: 0 | H62: =F62 -> 0 | J62: 0 | K62: =J62 -> 0 | L62: =D62+H62-K62 -> 1531.725
A63: Уголь каменный | B63: т | C63: 30000 | D63: =SUM(D64:D71) -> 4405.6172 | F63: 696.7 | H63: =F63 -> 696.7 | J63: 701.76275 | K63: =J63 -> 701.76275 | L63: =D63+H63-K63 -> 4400.5544
A64: Уголь (Шубарколь премиум) | B64: т | D64: 452.58776 | H64: =F64 -> 0 | K64: =J64 -> 0 | L64: =D64+H64-K64 -> 452.58776
A65: Уголь (Izzatullo kamoli) | B65: т | D65: 0 | H65: =F65 -> 0 | K65: =J65 -> 0 | L65: =D65+H65-K65 -> 0
A66: Уголь Киргизия (D-G Logistic) | B66: т | D66: 0 | H66: =F66 -> 0 | K66: =J66 -> 0 | L66: =D66+H66-K66 -> 0
A67: Уголь Кара-жыра (Brandcoal) | B67: т | D67: 243.8 | H67: =F67 -> 0 | K67: =J67 -> 0 | L67: =D67+H67-K67 -> 243.8
A68: Уголь (Euro eco garden) | B68: т | D68: 0 | H68: =F68 -> 0 | K68: =J68 -> 0 | L68: =D68+H68-K68 -> 0
A69: Уголь (Komir Savdo Brand) | B69: т | D69: -14212.944 | H69: =F69 -> 0 | J69: 701.76275 | K69: =J69 -> 701.76275 | L69: =D69+H69-K69 -> -14914.707
A70: Уголь (Жалын кумир) | B70: т | D70: 17922.174 | F70: 696.7 | H70: =F70 -> 696.7 | K70: =J70 -> 0 | L70: =D70+H70-K70 -> 18618.874
A71: Уголь (Shargun Komir) | B71: т | D71: 0 | H71: =F71 -> 0 | K71: =J71 -> 0 | L71: =D71+H71-K71 -> 0
A72: Форсуночное топливо | B72: т | C72: 19566.836 | D72: 145.84215 | F72: =N82 -> 666.67462 | H72: =F72 -> 666.67462 | J72: =K131 -> 685.68192 | K72: =J72 -> 685.68192 | L72: =D72+H72-K72 -> 126.83484
A73: Дизельное топливо | H73: =F73 -> 0 | K73: =J73 -> 0 | L73: =D73+H73-K73 -> 0
A77: Работа основного оборудования
A78: наименование | B78: ЕдИзм | C78: планируемая мощность | D78: факт за сутки | I78: факт с начала месяца | N78: Производства | P78: Комментарии
D79: фактическая мощность за сутки | E79: загрузка производственных мощностей | F79: время работы | G79: простой | H79: надежность | I79: фактическая мощность с начала месяца | J79: загрузка производственных мощностей | K79: время работы | L79: простой | M79: надежность | N79: факт за сутки | O79: факт с начала месяца | Q79: план сутки | R79: план с начала месяца
A80: Вращающаяся печь №1 | B80: т/ч | C80: 0 | D80: #DIV/0! | E80: =IFERROR(D80/C80,0) -> 0 | F80: 0 | G80: =24-F80 -> 24 | H80: =F80/24 -> 0 | I80: #DIV/0! | J80: =IFERROR(I80/C80,0) -> 0 | K80: 0 | L80: =24*1-K80 -> 24 | M80: =K80/(24*1) -> 0 | Q80: 125 | R80: 125
A81: Вращающаяся печь №2 | B81: т/ч | C81: 0 | D81: #DIV/0! | E81: =IFERROR(D81/C81,0) -> 0 | F81: 0 | G81: =24-F81 -> 24 | H81: =F81/24 -> 0 | I81: #DIV/0! | J81: =IFERROR(I81/C81,0) -> 0 | K81: 0 | L81: =24*1-K81 -> 24 | M81: =K81/(24*1) -> 0 | Q81: 127.08333 | R81: 127.08333
A82: Угольная мельница | B82: т/ч | C82: 45 | D82: =IFERROR(N82/F82,0) -> 42.995085 | E82: =IFERROR(D82/C82,0) -> 0.95544633 | F82: 15.505833 | G82: =24-F82 -> 8.4941667 | H82: =F82/24 -> 0.64607639 | I82: =IFERROR(O82/K82,0) -> 42.995085 | J82: =IFERROR(I82/C82,0) -> 0.95544633 | K82: =F82 -> 15.505833 | L82: =24*1-K82 -> 8.4941667 | M82: =K82/(24*1) -> 0.64607639 | N82: 666.67462 | O82: =N82 -> 666.67462 | Q82: 127.08333 | R82: 127.08333
A83: Сырьевая мельница ВВСМ №7 | B83: т/ч | C83: 500 | D83: =IFERROR(N83/F83,0) -> 506.91177 | E83: =IFERROR(D83/C83,0) -> 1.0138235 | F83: 23.284167 | G83: =24-F83 -> 0.71583333 | H83: =F83/24 -> 0.97017361 | I83: =IFERROR(O83/K83,0) -> 506.91177 | J83: =IFERROR(I83/C83,0) -> 1.0138235 | K83: =F83 -> 23.284167 | L83: =G83 -> 0.71583333 | M83: =K83/(24*1) -> 0.97017361 | N83: 11803.018 | O83: =N83 -> 11803.018 | Q83: 127.08333 | R83: 127.08333
A84: Вращающаяся печь №5 | B84: т/ч | C84: 0 | D84: =IFERROR(N84/F84,0) -> 262.04381 | E84: =IFERROR(D84/C84,0) -> 0 | F84: 24 | G84: =24-F84 -> 0 | H84: =F84/24 -> 1 | I84: =IFERROR(O84/K84,0) -> 262.04381 | J84: =IFERROR(I84/C84,0) -> 0 | K84: =F84 -> 24 | L84: =G84 -> 0 | M84: =K84/(24*1) -> 1 | N84: 6289.0515 | O84: =N84 -> 6289.0515 | Q84: 127.08333 | R84: 127.08333
A85: Цементная мельница №1 | B85: т/ч | C85: 0 | D85: =IFERROR(N85/F85,0) -> 0 | E85: =IFERROR(D85/C85,0) -> 0 | F85: 0 | G85: =24-F85 -> 24 | H85: =F85/24 -> 0 | I85: =IFERROR(O85/K85,0) -> 0 | J85: =IFERROR(I85/C85,0) -> 0 | K85: =F85 -> 0 | L85: =G85 -> 24 | M85: =K85/(24*1) -> 0 | N85: 0 | O85: =N85 -> 0
A86: Цементная мельница №2 | B86: т/ч | C86: 0 | D86: =IFERROR(N86/F86,0) -> 0 | E86: =IFERROR(D86/C86,0) -> 0 | F86: 0 | G86: =24-F86 -> 24 | H86: =F86/24 -> 0 | I86: =IFERROR(O86/K86,0) -> 0 | J86: =IFERROR(I86/C86,0) -> 0 | K86: =F86 -> 0 | L86: =G86 -> 24 | M86: =K86/(24*1) -> 0 | N86: 0 | O86: =N86 -> 0
A87: Цементная мельница №3 | B87: т/ч | C87: 0 | D87: =IFERROR(N87/F87,0) -> 0 | E87: =IFERROR(D87/C87,0) -> 0 | F87: 0 | G87: =24-F87 -> 24 | H87: =F87/24 -> 0 | I87: =IFERROR(O87/K87,0) -> 0 | J87: =IFERROR(I87/C87,0) -> 0 | K87: =F87 -> 0 | L87: =G87 -> 24 | M87: =K87/(24*1) -> 0 | N87: 0 | O87: =N87 -> 0
A88: Цементная мельница №4 | B88: т/ч | C88: 0 | D88: =IFERROR(N88/F88,0) -> 0 | E88: =IFERROR(D88/C88,0) -> 0 | F88: 0 | G88: =24-F88 -> 24 | H88: =F88/24 -> 0 | I88: =IFERROR(O88/K88,0) -> 0 | J88: =IFERROR(I88/C88,0) -> 0 | K88: =F88 -> 0 | L88: =G88 -> 24 | M88: =K88/(24*1) -> 0 | N88: 0 | O88: =N88 -> 0
A89: Цементная мельница ШЦМ №5 | B89: т/ч | C89: 47 | D89: =IFERROR(N89/F89,0) -> 44.150221 | E89: =IFERROR(D89/C89,0) -> 0.93936641 | F89: 0.75194444 | G89: =24-F89 -> 23.248056 | H89: =F89/24 -> 0.031331019 | I89: =IFERROR(O89/K89,0) -> 44.150221 | J89: =IFERROR(I89/C89,0) -> 0.93936641 | K89: =F89 -> 0.75194444 | L89: =G89 -> 23.248056 | M89: =K89/(24*1) -> 0.031331019 | N89: 33.198514 | O89: =N89 -> 33.198514 | Q89: 0 | R89: 0
A90: Цементная мельница ШЦМ №6 | B90: т/ч | C90: 47 | D90: =IFERROR(N90/F90,0) -> 0 | E90: =IFERROR(D90/C90,0) -> 0 | F90: 0 | G90: =24-F90 -> 24 | H90: =F90/24 -> 0 | I90: =IFERROR(O90/K90,0) -> 0 | J90: =IFERROR(I90/C90,0) -> 0 | K90: =F90 -> 0 | L90: =G90 -> 24 | M90: =K90/(24*1) -> 0 | N90: 0 | O90: =N90 -> 0 | Q90: 0 | R90: 0
A91: Цементная мельница №7 | B91: т/ч | C91: 0 | D91: =IFERROR(N91/F91,0) -> 0 | E91: =IFERROR(D91/C91,0) -> 0 | F91: 0 | G91: =24-F91 -> 24 | H91: =F91/24 -> 0 | I91: =IFERROR(O91/K91,0) -> 0 | J91: =IFERROR(I91/C91,0) -> 0 | K91: =F91 -> 0 | L91: =G91 -> 24 | M91: =K91/(24*1) -> 0 | N91: 0 | O91: =N91 -> 0 | Q91: 0 | R91: 0
A92: Цементная мельница ВВЦМ №1 | B92: т/ч | C92: 156.40497 | D92: =IFERROR(N92/F92,0) -> 141.14853 | E92: =IFERROR(D92/C92,0) -> 0.90245553 | F92: 24 | G92: =24-F92 -> 0 | H92: =F92/24 -> 1 | I92: =IFERROR(O92/K92,0) -> 141.14853 | J92: =IFERROR(I92/C92,0) -> 0.90245553 | K92: =F92 -> 24 | L92: =G92 -> 0 | M92: =K92/(24*1) -> 1 | N92: 3387.5646 | O92: =N92 -> 3387.5646 | Q92: 0 | R92: 0
A93: Цементная мельница ВВЦМ №2 | B93: т/ч | C93: 153.20426 | D93: =IFERROR(N93/F93,0) -> 143.4319 | E93: =IFERROR(D93/C93,0) -> 0.93621352 | F93: 24 | G93: =24-F93 -> 0 | H93: =F93/24 -> 1 | I93: =IFERROR(O93/K93,0) -> 143.4319 | J93: =IFERROR(I93/C93,0) -> 0.93621352 | K93: =F93 -> 24 | L93: =G93 -> 0 | M93: =K93/(24*1) -> 1 | N93: 3442.3656 | O93: =N93 -> 3442.3656 | Q93: 0 | R93: 0
A94: Ротоупаковочная машина №1 | B94: т/ч | C94: 60 | D94: =IFERROR(N94/F94,0) -> 0 | E94: =IFERROR(D94/C94,0) -> 0 | G94: =24-F94 -> 24 | H94: =F94/24 -> 0 | I94: =IFERROR(O94/K94,0) -> 0 | J94: =IFERROR(I94/C94,0) -> 0 | K94: =F94 -> 0 | L94: =G94 -> 24 | M94: =K94/(24*1) -> 0 | N94: =E111+E120+E121+E122 -> 1175.3 | O94: =N94 -> 1175.3 | Q94: 56 | R94: 56
A95: Ротоупаковочная машина №2 | B95: т/ч | D95: =IFERROR(N95/F95,0) -> 0 | E95: =IFERROR(D95/C95,0) -> 0 | G95: =24-F95 -> 24 | H95: =F95/24 -> 0 | I95: =IFERROR(O95/K95,0) -> 0 | J95: =IFERROR(I95/C95,0) -> 0 | K95: =F95 -> 0 | L95: =G95 -> 24 | M95: =K95/(24*1) -> 0 | N95: =E112+E114+E115+E118+E119 -> 519.2 | O95: =N95 -> 519.2
A96: Отгрузка
A97: наименование | B97: ЕдИзм | C97: план на месяц | D97: за сутки | G97: с начала месяца
D99: план | E99: факт | F99: % | G99: план | H99: факт | I99: % | J99: план | K99: откл | L99: с начала месяца | N99: с начала года
A100: ВСЕГО | B100: т | C100: =C101+C110 -> 196140 | D100: =D101+D111 -> 2937 | E100: =E101+E110 -> 7238.4 | F100: =IFERROR((E100/D100),0) -> 2.4645557 | G100: =G101+G110 -> 5044 | H100: =H101+H110 -> 7238.4 | I100: =IFERROR((H100/G100),0) -> 1.4350515 | M100: MTBF | O100: MTBF
A101: Навалом, в т.ч. | B101: т | C101: =SUM(C102:C109) -> 143308 | D101: =SUM(D102:D109) -> 2937 | E101: =SUM(E102:E109) -> 5543.9 | F101: =IFERROR((E101/D101),0) -> 1.8876064 | G101: =SUM(G102:G109) -> 2937 | H101: =SUM(H102:H109) -> 5543.9 | I101: =IFERROR((H101/G101),0) -> 1.8876064 | L101: ВП №5 | N101: ВП №5
A102: ЦEМ II/B-K(З-И) 32,5H | B102: т | C102: 0 | D102: 0 | E102: 0 | F102: =IFERROR((E102/D102),0) -> 0 | G102: =D102 -> 0 | H102: =E102 -> 0 | I102: =IFERROR((H102/G102),0) -> 0
A103: AMD - 1000 | B103: т | C103: 11500 | D103: 190 | E103: 0 | F103: =IFERROR((E103/D103),0) -> 0 | G103: =D103 -> 190 | H103: =E103 -> 0 | I103: =IFERROR((H103/G103),0) -> 0
A104: ЦЕМ I 52.5Н | B104: т | C104: 127150 | D104: 2684 | E104: 4815.9 | G104: =D104 -> 2684 | H104: =E104 -> 4815.9 | I104: =IFERROR((H104/G104),0) -> 1.7942996
...

Sheet 02
A1: =CONCATENATE("Ежедневный отчет производства и отгрузки за 02 ",Q1) -> Ежедневный отчет производства и отгрузки за 02 август | Q1: август
Q2: 31
A3: Наименование | B3: ЕдИзм | C3: План на месяц | D3: Остатки на складе на начало месяца | E3: Производство/поступление | J3: Отгружено со склада/отпущено в производство/перемещение | L3: Остаток на складе на конец суток | M3: Акты ОКК о переводе марок/перемещение между складами | N3: Перемещения | O3: Комментарии
E4: план на сутки | F4: факт за сутки | G4: план с начала месяца | H4: факт с начала месяца | I4: % | J4: факт за сутки | K4: факт с начала месяца
A5: Клинкер всего | B5: т | C5: =C6+C9 -> 160800 | D5: =D6+D9+D8 -> 143025.21 | E5: =E6+E9 -> 6700 | F5: =F6+F9 -> 4249.76 | G5: =G6+G9 -> 13400 | H5: =H6+H9 -> 10538.812 | I5: =IFERROR((H5/G5),0) -> 0.78647847 | J5: =J6+J9 -> 6917.2044 | K5: =K6+K9+K8 -> 13321.524 | L5: =L6+L9+L8 -> 140242.5
A6: Клинкер грейферный склад | B6: т | C6: ='01'!C6 -> 0 | D6: ='01'!D6 -> 15952.92 | E6: 0 | G6: =E6+'01'!G6 -> 0 | H6: =F6+'01'!H6 -> 0 | K6: =J6+'01'!K6 -> 0 | L6: =D6+H6-K6-M6+N6 -> 15952.92 | N6: 0
A7: Клинкер некондиция (шихта) | B7: т | D7: ='01'!D7 -> 0 | F7: 0 | H7: =F7+'01'!H7 -> 0 | K7: =J7+'01'!K7 -> 0 | L7: =D7+H7-K7-M7+N7 -> 0
A8: клинкер некондиционный склад БСУ | B8: т | D8: ='01'!D8 -> 0 | H8: =F8+'01'!H8 -> 0 | K8: =J8+'01'!K8 -> 0 | L8: =D8+H8-K8 -> 0
A9: Клинкер сухой линии в т.ч.: | B9: т | C9: ='01'!C9 -> 160800 | D9: ='01'!D9 -> 127072.29 | E9: 6700 | F9: =F10+F11+F12+F13 -> 4249.76 | G9: =E9+'01'!G9 -> 13400 | H9: =F9+'01'!H9 -> 10538.812 | I9: =IFERROR((H9/G9),0) -> 0.78647847 | J9: =J10+J11+J12+J13 -> 6917.2044 | K9: =J9+'01'!K9 -> 13321.524 | L9: =D9+H9-K9+M9-N9 -> 124289.58 | N9: 0 | Q9: -23266.572 | R9: =J9-Q9 -> 30183.776
A10: клинкер в силосе | B10: т | D10: ='01'!D10 -> 56300.274 | F10: 4249.76 | G10: =E10+'01'!G10 -> 0 | H10: =F10+'01'!H10 -> 10538.812 | J10: 6917.2044 | K10: =J10+'01'!K10 -> 13321.524 | L10: =D10+H10-K10+M10-N10 -> 53517.562
A11: Клинкер СС грейферный склад | B11: т | D11: ='01'!D11 -> 18224.017 | G11: =E11+'01'!G11 -> 0 | H11: =F11+'01'!H11 -> 0 | J11: 0 | K11: =J11+'01'!K11 -> 0 | L11: =D11+H11-K11+M11-N11 -> 18224.017
A12: клинкер на площадку (за шатровый склад) | B12: т | D12: ='01'!D12 -> 52548.003 | E12: =C12/31 -> 0 | G12: =E12+'01'!G12 -> 0 | H12: =F12+'01'!H12 -> 0 | I12: =IFERROR((H12/G12),0) -> 0 | K12: =J12+'01'!K12 -> 0 | L12: =D12+H12-K12+M12-N12 -> 52548.003
A13: клинкер на площадку (лессовый) | B13: т | D13: ='01'!D13 -> 0 | H13: =F13+'01'!H13 -> 0 | K13: =J13+'01'!K13 -> 0 | L13: =D13+H13-K13+M13-N13 -> 0
A14: Цемент в силосах всего, в том числе: | B14: т | C14: =SUM(C15:C21) -> 195040 | D14: ='01'!D14 -> 25904.614 | E14: =SUM(E15:E21) -> 4798 | F14: =SUM(F15:F21) -> 7877.0326 | G14: =SUM(G15:G21) -> 9842 | H14: =SUM(H15:H21) -> 14740.161 | I14: =IFERROR((H14/G14),0) -> 1.4976795 | J14: =SUM(J15:J21) -> 4988.87 | K14: =SUM(K15:K21) -> 11777.67 | L14: =SUM(L15:L21) -> 28867.106 | S14: Клинкер фактор | T14: =J5/F14 -> 0.87814851
A15: ЦЕМ II/А-Г 32.5Н | B15: т | C15: ='01'!C15 -> 0 | D15: ='01'!D15 -> 0 | E15: 0 | F15: 0 | G15: =E15+'01'!G15 -> 0 | H15: =F15+'01'!H15 -> 0 | I15: =IFERROR((H15/G15),0) -> 0 | J15: 0 | K15: =J15+'01'!K15 -> 0 | L15: =D15+H15-K15+M15 -> 0
A16: ЦEМ II/B-K(З-И) 42,5H | B16: т | C16: ='01'!C16 -> 44352 | D16: ='01'!D16 -> 6069.3573 | E16: 1091.0628 | F16: 2450.5299 | G16: =E16+'01'!G16 -> 2238.066 | H16: =F16+'01'!H16 -> 2483.7284 | I16: =IFERROR((H16/G16),0) -> 1.1097655 | J16: =IFERROR(SUMIF(A101:A114,A16,E101:E114),0)+E111+E112+E113 -> 673.02 | K16: =J16+'01'!K16 -> 2018.27 | L16: =D16+H16-K16+M16 -> 6534.8157
A17: AMD - 1000 | B17: т | C17: ='01'!C17 -> 0 | D17: ='01'!D17 -> 483.2374 | E17: 0 | F17: 0 | G17: =E17+'01'!G17 -> 0 | H17: =F17+'01'!H17 -> 0 | I17: =IFERROR((H17/G17),0) -> 0 | J17: =IFERROR(SUMIF(A102:A115,A17,E102:E115),0)+E116+E119+E121+E114 -> 0 | K17: =J17+'01'!K17 -> 0 | L17: =D17+H17-K17+M17 -> 483.2374 | S17: Коэф. мука-клинкер | T17: =O51/F5 -> 1.6232982
A18: ЦEМ II/B-K(З-И) 32,5H | B18: т | C18: ='01'!C18 -> 1360 | D18: ='01'!D18 -> 3183.2381 | G18: =E18+'01'!E18 -> 0 | H18: =F18+'01'!H18 -> 0 | I18: =IFERROR((H18/G18),0) -> 0 | J18: =IFERROR(SUMIF(A102:A115,A18,E102:E115),0)+E118+E120 -> 0 | K18: =J18+'01'!K18 -> 0 | L18: =D18+H18-K18+M18 -> 3183.2381
A19: ='01'!A19 -> ЦЕМ I 52.5Н | B19: т | C19: ='01'!C19 -> 145770 | D19: ='01'!D19 -> 12764.734 | E19: 3585.954 | F19: 5426.5027 | G19: =E19+'01'!G19 -> 7355.7647 | H19: =F19+'01'!H19 -> 12256.433 | I19: =IFERROR((H19/G19),0) -> 1.6662351 | J19: =IFERROR(SUMIF(A102:A115,A19,E102:E115),0)+E117+E115+E122 -> 4088.8 | K19: =J19+'01'!K19 -> 9532.35 | L19: =D19+H19-K19+M19 -> 15488.817
A20: ЦЕМ I 42.5Н СС | B20: т | C20: ='01'!C20 -> 3558 | D20: ='01'!D20 -> 3404.048 | E20: 87.527092 | F20: 0 | G20: =E20+'01'!G20 -> 179.54182 | H20: =F20+'01'!H20 -> 0 | I20: =IFERROR((H20/G20),0) -> 0 | J20: =IFERROR(SUMIF(A102:A115,A20,E102:E115),0) -> 227.05 | K20: =J20+'01'!K20 -> 227.05 | L20: =D20+H20-K20+M20 -> 3176.998
A21: ='01'!A21 -> ЦЕМ I 42.5Н | B21: т | C21: ='01'!C21 -> 0 | D21: ='01'!D21 -> 8.7766239e-11 | E21: 33.456112 | F21: 0 | G21: =E21+'01'!G21 -> 68.627564 | H21: =F21+'01'!H21 -> 0 | I21: =IFERROR((H21/G21),0) -> 0 | J21: =IFERROR(SUMIF(A102:A115,A21,E102:E115),0) -> 0 | K21: =J21+'01'!K21 -> 0 | L21: =D21+H21-K21+M21 -> 8.7766239e-11
A22: AMD - 6 (навал) | C22: ='01'!C22 -> 1100 | D22: ='01'!D22 -> 2833.7506 | E22: 0 | F22: 0 | G22: =E22+'01'!G22 -> 0 | H22: =F22+'01'!H22 -> 0 | J22: =IFERROR(SUMIF(A103:A123,A22,E103:E123),0)+E109 -> 210.2 | K22: =J22+'01'!K22 -> 659.8 | L22: =D22+H22-K22+M22 -> 2173.9506
A23: Тара: МКР | B23: т | C23: ='01'!C23 -> 0 | D23: ='01'!D23 -> 52 | E23: 0 | F23: =SUM(F24:F29) -> 0 | G23: =E23+'01'!G23 -> 0 | H23: =SUM(H24:H29) -> 0 | I23: =IFERROR((H23/G23),0) -> 0 | J23: =SUM(J24:J29) -> 0 | K23: =J23+'01'!K23 -> 0 | L23: =D23+H23-K23+M23 -> 52
A24: ЦЕМ II/А-К (З-И) 42,5Н | B24: т | D24: ='01'!D24 -> 0 | F24: 0 | G24: =E24+'01'!G24 -> 0 | H24: =F24+'01'!H24 -> 0 | J24: 0 | K24: =J24+'01'!K24 -> 0 | L24: =D24+H24-K24+M24 -> 0
A25: ЦEМ II/B-K(З-И) 32,5H | B25: т | D25: ='01'!D25 -> 16 | F25: 0 | G25: =E25+'01'!G25 -> 0 | H25: =F25+'01'!H25 -> 0 | J25: 0 | K25: =J25+'01'!K25 -> 0 | L25: =D25+H25-K25+M25 -> 16
A26: ='01'!A26 -> ЦEМ I 52,5H Портландцемент (МКР) | B26: т | D26: ='01'!D26 -> 36 | F26: 0 | G26: =E26+'01'!G26 -> 0 | H26: =F26+'01'!H26 -> 0 | J26: 0 | K26: =J26+'01'!K26 -> 0 | L26: =D26+H26-K26+M26 -> 36
A27: ='01'!A27 -> ЦЕМ I 42.5Н | B27: т | D27: ='01'!D27 -> 0 | F27: 0 | G27: =E27+'01'!G27 -> 0 | H27: =F27+'01'!H27 -> 0 | K27: =J27+'01'!K27 -> 0 | L27: =D27+H27-K27+M27 -> 0
B28: т | F28: =J28 -> 0 | G28: =E28+'01'!G28 -> 0 | H28: =F28+'01'!H28 -> 0 | K28: =J28+'01'!K28 -> 0 | L28: =D28+H28-K28+M28 -> 0
B29: т | F29: =J29 -> 0 | G29: =E29+'01'!G29 -> 0 | H29: =F29+'01'!H29 -> 0 | K29: =J29+'01'!K29 -> 0 | L29: =D29+H29-K29+M29 -> 0
A30: Тара: паллеты | B30: т | D30: ='01'!D30 -> 1513.6 | F30: =SUM(F31:F37) -> 357.28 | G30: =E30+'01'!G30 -> 0 | H30: =SUM(H31:H37) -> 554.4 | I30: =IFERROR((H30/G30),0) -> 0 | J30: =SUM(J31:J37) -> 161.92 | K30: =J30+'01'!K30 -> 681.12 | L30: =D30+H30-K30+M30 -> 1386.88
A31: ЦЕМ II/А-К (З-И) 42,5Н | B31: т | D31: ='01'!D31 -> 0 | F31: 0 | G31: =E31+'01'!G31 -> 0 | H31: =F31+'01'!H31 -> 0 | J31: 0 | K31: =J31+'01'!K31 -> 0 | L31: =D31+H31-K31+M31 -> 0
A32: ЦEМ II/B-K(З-И) 42,5H | B32: т | D32: ='01'!D32 -> 1508.32 | F32: 357.28 | G32: =E32+'01'!G32 -> 0 | H32: =F32+'01'!H32 -> 554.4 | J32: 161.92 | K32: =J32+'01'!K32 -> 681.12 | L32: =D32+H32-K32+M32 -> 1381.6
A33: ='01'!A33 -> ЦЕМ I 52.5Н | B33: т | D33: ='01'!D33 -> 5.28 | F33: 0 | G33: =E33+'01'!G33 -> 0 | H33: =F33+'01'!H33 -> 0 | J33: 0 | K33: =J33+'01'!K33 -> 0 | L33: =D33+H33-K33+M33 -> 5.28
A34: ='01'!A34 -> ЦЕМ I 42.5Н | B34: т | D34: ='01'!D34 -> 0 | F34: 0 | G34: =E34+'01'!G34 -> 0 | H34: =F34+'01'!H34 -> 0 | K34: =J34+'01'!K34 -> 0 | L34: =D34+H34-K34+M34 -> 0
B35: т | F35: =J35 -> 0 | G35: =E35+'01'!G35 -> 0 | H35: =F35+'01'!H35 -> 0 | K35: =J35+'01'!K35 -> 0 | L35: =D35+H35-K35+M35 -> 0
A36: Песок природный | B36: т | C36: ='01'!C36 -> 3500 | D36: ='01'!D36 -> 1673.24 | F36: =J36 -> 0 | G36: =E36+'01'!G36 -> 0 | H36: =F36+'01'!H36 -> 0 | J36: 0 | K36: =J36+'01'!K36 -> 0 | L36: =D36+H36-K36+M36 -> 1673.24
A37: Щебень фракции 5-20 | B37: т | C37: ='01'!C37 -> 0 | D37: ='01'!D37 -> 294.64 | F37: =J37 -> 0 | G37: =E37+'01'!G37 -> 0 | H37: =F37+'01'!H37 -> 0 | J37: 0 | K37: =J37+'01'!K37 -> 0 | L37: =D37+H37-K37+M37 -> 294.64
A38: Известняк общий: | B38: т | C38: ='01'!C38 -> 153958.11 | D38: ='01'!D38 -> 1756.983 | E38: =C38/31 -> 4966.3906 | F38: =SUM(F39:F42) -> 3560.0223 | G38: =E38+'01'!G38 -> 9932.7811 | H38: =SUM(H39:H42) -> 6008.2119 | I38: =IFERROR((H38/G38),0) -> 0.60488718 | J38: =SUM(J39:J40) -> 2347.0223 | K38: =SUM(K39:K40) -> 4795.2119 | L38: =D38+H38-K38 -> 2969.983
A39: известняк на шатровый склад | B39: т | F39: 2347.0223 | H39: =F39+'01'!H39 -> 4795.2119 | J39: =F39 -> 2347.0223 | K39: =J39+'01'!K39 -> 4795.2119
A40: известняк на помол | B40: т | F40: 1213 | H40: =F40+'01'!H40 -> 1213 | J40: 0 | K40: =J40+'01'!K40 -> 0
A41: известняк на цемент мокрый | B41: т | H41: =F41+'01'!H41 -> 0 | K41: =J41+'01'!K41 -> 0
A42: известняк на цемент сухой | B42: т | H42: =F42+'01'!H42 -> 0 | K42: =J42+'01'!K42 -> 0
A43: Мергель | B43: т | C43: ='01'!C43 -> 96601.879 | E43: =C43/30 -> 3220.0626 | F43: 2731 | G43: =E43+'01'!G43 -> 6440.1253 | H43: =F43+'01'!H43 -> 5993.8 | I43: =IFERROR((H43/G43),0) -> 0.93069618 | J43: =F43 -> 2731 | K43: =J43+'01'!K43 -> 5993.8 | L43: =D43+H43-K43 -> 0
A44: Глина (лёсс) всего: | B44: т | C44: ='01'!C44 -> 40846.933 | D44: ='01'!D44 -> 3759.4565 | E44: =C44/30 -> 1361.5644 | F44: 2742 | G44: =E44+'01'!G44 -> 2723.1289 | H44: =F44+'01'!H44 -> 5673 | I44: =IFERROR((H44/G44),0) -> 2.0832653 | J44: 1277.2038 | K44: =J44+'01'!K44 -> 3123.6642 | L44: =D44+H44-K44 -> 6308.7923
A45: лесс на мокрый | F45: 0 | H45: =F45+'01'!H45 -> 0 | K45: =J45+'01'!K45 -> 0
A46: лесс на сухой | H46: =F46+'01'!H46 -> 0 | K46: =J46+'01'!K46 -> 0
A47: лесс корректировочный | H47: =F47+'01'!H47 -> 0 | K47: =J47+'01'!K47 -> 0
A48: Сырьевая смесь | B48: т | C48: ='01'!C48 -> 238663.47 | D48: ='01'!D48 -> 14554.972 | E48: =C48/30 -> 7955.4488 | F48: 5078.0223 | G48: =E48+'01'!G48 -> 15910.898 | H48: =F48+'01'!H48 -> 10789.012 | I48: =IFERROR((H48/G48),0) -> 0.67808945 | J48: 7167.4603 | K48: =J48+'01'!K48 -> 17290.613 | L48: =D48+H48-K48 -> 8053.3707
A49: Сырьевая мука, в т.ч.: | B49: т | C49: =C50+C51 -> 256898.95 | D49: =D50+D51 -> 6890.392 | E49: =SUM(E50:E51) -> 11500 | F49: =SUM(F50:F51) -> 8431.2938 | G49: =SUM(G50:G51) -> 23000 | H49: =SUM(H50:H51) -> 20234.312 | I49: =IFERROR((H49/G49),0) -> 0.87975269 | J49: =SUM(J50:J51) -> 6519.2033 | K49: =SUM(K50:K51) -> 16294.182 | L49: =D49+H49-K49+M49 -> 10830.522
A50: Производства №1 | B50: т | C50: ='01'!C50 -> 0 | D50: ='01'!D50 -> 2323.23 | E50: 0 | G50: =E50+'01'!G50 -> 0 | H50: =F50+'01'!H50 -> 0 | I50: =IFERROR((H50/G50),0) -> 0 | K50: =J50+'01'!K50 -> 0 | L50: =D50+H50-K50+M50 -> 2323.23
A51: Производства №2 | B51: т | C51: ='01'!C51 -> 256898.95 | D51: ='01'!D51 -> 4567.162 | E51: 11500 | F51: 8431.2938 | G51: =E51+'01'!G51 -> 23000 | H51: =F51+'01'!H51 -> 20234.312 | I51: =IFERROR((H51/G51),0) -> 0.87975269 | J51: =O51-P51 -> 6519.2033 | K51: =J51+'01'!K51 -> 16294.182 | L51: =D51+H51-K51+M51 -> 8507.2922 | O51: 6898.6278 | P51: =O51*0.055 -> 379.42453 | Y51: гипс | Z51: =L54 -> 12522.644
A52: Покупное сырье всего, в т.ч.: | B52: т | C52: ='01'!C52 -> 0 | D52: ='01'!D52 -> 0 | Y52: огарка | Z52: =L55 -> 3114.6232
A53: Глиеж | B53: т | C53: ='01'!C53 -> 0 | D53: ='01'!D53 -> 0 | E53: =C53/$Q$2 -> 0 | F53: 0 | G53: =E53+'01'!G53 -> 0 | H53: =F53+'01'!H53 -> 0 | I53: =IFERROR((H53/G53),0) -> 0 | K53: =J53+'01'!K53 -> 0 | L53: =D53+H53-K53 -> 0
A54: Гипс | B54: т | C54: ='01'!C54 -> 10000 | D54: ='01'!D54 -> 13684.916 | E54: =C54/$Q$2 -> 322.58065 | F54: 0 | G54: =E54+'01'!G54 -> 645.16129 | H54: =F54+'01'!H54 -> 0 | I54: =IFERROR((H54/G54),0) -> 0 | J54: 634.76943 | K54: =J54+'01'!K54 -> 1162.2723 | L54: =D54+H54-K54 -> 12522.644 | Y54: уголь | Z54: =L63 -> 6462.4925
A55: Добавки железосодержащие(Консенсус) | B55: т | C55: ='01'!C55 -> 17000 | D55: ='01'!D55 -> 3999.5666 | E55: =C55/$Q$2 -> 548.3871 | F55: 0 | G55: =E55+'01'!G55 -> 1096.7742 | H55: =F55+'01'!H55 -> 0 | I55: =IFERROR((H55/G55),0) -> 0 | J55: 430.35643 | K55: =J55+'01'!K55 -> 884.94343 | L55: =D55+H55-K55 -> 3114.6232 | R55: =D55+H55-K55 -> 3114.6232 | Y55: золошлак | Z55: =L58 -> 3480.6938
A56: Каолин | B56: т | C56: ='01'!C56 -> 0 | D56: ='01'!D56 -> 0 | E56: =C56/$Q$2 -> 0 | F56: 0 | G56: =E56+'01'!G56 -> 0 | H56: =F56+'01'!H56 -> 0 | I56: =IFERROR((H56/G56),0) -> 0 | K56: =J56+'01'!K56 -> 0 | L56: =D56+H56-K56 -> 0
A57: Фосфозол | B57: т | C57: ='01'!C57 -> 0 | D57: ='01'!D57 -> 178.075 | E57: =C57/$Q$2 -> 0 | F57: 0 | G57: =E57+'01'!G57 -> 0 | H57: =F57+'01'!H57 -> 0 | I57: =IFERROR((H57/G57),0) -> 0 | K57: =J57+'01'!K57 -> 0 | L57: =D57+H57-K57 -> 178.075 | Y57: песок | Z57: =L59 -> 4269.088
A58: Золошлак | B58: т | C58: ='01'!C58 -> 0 | D58: ='01'!D58 -> 3480.6938 | E58: =C58/$Q$2 -> 0 | F58: 0 | G58: =E58+'01'!G58 -> 0 | H58: =F58+'01'!H58 -> 0 | I58: =IFERROR((H58/G58),0) -> 0 | J58: 0 | K58: =J58+'01'!K58 -> 0 | L58: =D58+H58-K58 -> 3480.6938 | Y58: руда | Z58: =L62 -> 1531.725
A59: Песок мелкозернистый | B59: т | D59: ='01'!D59 -> 4269.088 | F59: 0 | H59: =F59+'01'!H59 -> 0 | J59: 0 | K59: =J59+'01'!K59 -> 0 | L59: =D59+H59-K59 -> 4269.088
A60: Интенсификатор помола | B60: т | D60: ='01'!D60 -> 0 | H60: =F60+'01'!H60 -> 0 | K60: =J60+'01'!K60 -> 0 | L60: =D60+H60-K60 -> 0
A61: Вторичный цемент | B61: т | D61: ='01'!D61 -> 1063.653 | H61: =F61+'01'!H61 -> 0 | J61: =D139+D141 -> 0 | K61: =J61+'01'!K61 -> 0 | L61: =D61+H61-K61 -> 1063.653
A62: Железосодержащая руда | B62: т | D62: ='01'!D62 -> 1531.725 | F62: 0 | H62: =F62+'01'!H62 -> 0 | J62: 0 | K62: =J62+'01'!K62 -> 0 | L62: =D62+H62-K62 -> 1531.725
A63: Уголь каменный | B63: т | C63: ='01'!C63 -> 30000 | D63: =SUM(D64:D71) -> 4405.6172 | F63: 2632.45 | H63: =F63+'01'!H63 -> 3329.15 | J63: 570.51193 | K63: =J63+'01'!K63 -> 1272.2747 | L63: =D63+H63-K63 -> 6462.4925
A64: Уголь (Шубарколь премиум) | B64: т | D64: ='01'!D64 -> 452.58776 | H64: =F64+'01'!H64 -> 0 | K64: =J64+'01'!K64 -> 0 | L64: =D64+H64-K64 -> 452.58776
A65: Уголь (Izzatullo kamoli) | B65: т | D65: ='01'!D65 -> 0 | H65: =F65+'01'!H65 -> 0 | K65: =J65+'01'!K65 -> 0 | L65: =D65+H65-K65 -> 0
A66: Уголь Киргизия (D-G Logistic) | B66: т | D66: ='01'!D66 -> 0 | H66: =F66+'01'!H66 -> 0 | K66: =J66+'01'!K66 -> 0 | L66: =D66+H66-K66 -> 0
A67: Уголь Кара-жыра (Brandcoal) | B67: т | D67: ='01'!D67 -> 243.8 | H67: =F67+'01'!H67 -> 0 | K67: =J67+'01'!K67 -> 0 | L67: =D67+H67-K67 -> 243.8
A68: Уголь (Euro eco garden) | B68: т | D68: ='01'!D68 -> 0 | H68: =F68+'01'!H68 -> 0 | K68: =J68+'01'!K68 -> 0 | L68: =D68+H68-K68 -> 0
A69: Уголь (Komir Savdo Brand) | B69: т | D69: ='01'!D69 -> -14212.944 | H69: =F69+'01'!H69 -> 0 | J69: 570.51193 | K69: =J69+'01'!K69 -> 1272.2747 | L69: =D69+H69-K69 -> -15485.219
A70: Уголь (Жалын кумир) | B70: т | D70: ='01'!D70 -> 17922.174 | F70: 2632.45 | H70: =F70+'01'!H70 -> 3329.15 | K70: =J70+'01'!K70 -> 0 | L70: =D70+H70-K70 -> 21251.324
A71: Уголь (Shargun Komir) | B71: т | D71: ='01'!D71 -> 0 | H71: =F71+'01'!H71 -> 0 | K71: =J71+'01'!K71 -> 0 | L71: =D71+H71-K71 -> 0
A72: Форсуночное топливо | B72: т | D72: ='01'!D72 -> 145.84215 | F72: =N82 -> 541.98634 | H72: =F72+'01'!H72 -> 1208.661 | J72: =K131 -> 483.53366 | K72: =J72+'01'!K72 -> 1169.2156 | L72: =D72+H72-K72 -> 185.28752
A73: Дизельное топливо | D73: ='01'!D73 -> 0 | H73: =F73+'01'!H73 -> 0 | L73: =D73+H73-K73 -> 0
A77: Работа основного оборудования
A78: наименование | B78: ЕдИзм | C78: планируемая мощность | D78: факт за сутки | I78: факт с начала месяца | N78: Производства | P78: Комментарии
D79: фактическая мощность за сутки | E79: загрузка производственных мощностей | F79: время работы | G79: простой | H79: надежность | I79: фактическая мощность с начала месяца | J79: загрузка производственных мощностей | K79: время работы | L79: простой | M79: надежность | N79: факт за сутки | O79: факт с начала месяца | Q79: план сутки | R79: план с начала месяца
A80: Вращающаяся печь №1 | B80: т/ч | C80: ='01'!C80 -> 0 | D80: #DIV/0! | E80: =IFERROR(D80/C80,0) -> 0 | F80: 0 | G80: =24-F80 -> 24 | H80: =F80/24 -> 0 | I80: #DIV/0! | J80: =IFERROR(I80/C80,0) -> 0 | K80: 0 | L80: =24*2-K80 -> 48 | M80: =K80/(24*2) -> 0 | O80: =N80+'01'!O80 -> 0 | Q80: 125 | R80: 125
A81: Вращающаяся печь №2 | B81: т/ч | C81: ='01'!C81 -> 0 | D81: #DIV/0! | E81: =IFERROR(D81/C81,0) -> 0 | F81: 0 | G81: =24-F81 -> 24 | H81: =F81/24 -> 0 | I81: #DIV/0! | J81: =IFERROR(I81/C81,0) -> 0 | K81: 0 | L81: =24*2-K81 -> 48 | M81: =K81/(24*2) -> 0 | O81: =N81+'01'!O81 -> 0 | Q81: 127.08333 | R81: 127.08333
A82: Угольная мельница | B82: т/ч | C82: ='01'!C82 -> 45 | D82: =IFERROR(N82/F82,0) -> 43.375293 | E82: =IFERROR(D82/C82,0) -> 0.9638954 | F82: 12.495278 | G82: =24-F82 -> 11.504722 | H82: =F82/24 -> 0.52063657 | I82: =IFERROR(O82/K82,0) -> 43.16475 | J82: =IFERROR(I82/C82,0) -> 0.95921666 | K82: =F82+'01'!K82 -> 28.001111 | L82: =24*2-K82 -> 19.998889 | M82: =K82/(24*2) -> 0.58335648 | N82: 541.98634 | O82: =N82+'01'!O82 -> 1208.661 | Q82: 127.08333 | R82: 127.08333
A83: Сырьевая мельница ВВСМ №7 | B83: т/ч | C83: ='01'!C83 -> 500 | D83: =IFERROR(N83/F83,0) -> 478.96763 | E83: =IFERROR(D83/C83,0) -> 0.95793526 | F83: 17.603056 | G83: =24-F83 -> 6.3969444 | H83: =F83/24 -> 0.73346065 | I83: =IFERROR(O83/K83,0) -> 494.88106 | J83: =IFERROR(I83/C83,0) -> 0.98976212 | K83: =F83+'01'!K83 -> 40.887222 | L83: =G83+'01'!L83 -> 7.1127778 | M83: =K83/(24*2) -> 0.85181713 | N83: 8431.2938 | O83: =N83+'01'!O83 -> 20234.312 | Q83: 127.08333 | R83: 127.08333
A84: Вращающаяся печь №5 | B84: т/ч | C84: ='01'!C84 -> 0 | D84: =IFERROR(N84/F84,0) -> 250.31719 | E84: =IFERROR(D84/C84,0) -> 0 | F84: 16.9775 | G84: =24-F84 -> 7.0225 | H84: =F84/24 -> 0.70739583 | I84: =IFERROR(O84/K84,0) -> 257.18532 | J84: =IFERROR(I84/C84,0) -> 0 | K84: =F84+'01'!K84 -> 40.9775 | L84: =G84+'01'!L84 -> 7.0225 | M84: =K84/(24*2) -> 0.85369792 | N84: 4249.76 | O84: =N84+'01'!O84 -> 10538.812 | Q84: 127.08333 | R84: 127.08333
A85: Цементная мельница №1 | B85: т/ч | C85: ='01'!C85 -> 0 | D85: =IFERROR(N85/F85,0) -> 0 | E85: =IFERROR(D85/C85,0) -> 0 | F85: 0 | G85: =24-F85 -> 24 | H85: =F85/24 -> 0 | I85: =IFERROR(O85/K85,0) -> 0 | J85: =IFERROR(I85/C85,0) -> 0 | K85: =F85+'01'!K85 -> 0 | L85: =G85+'01'!L85 -> 48 | M85: =K85/(24*2) -> 0 | N85: 0 | O85: =N85+'01'!O85 -> 0
A86: Цементная мельница №2 | B86: т/ч | C86: 37 | D86: =IFERROR(N86/F86,0) -> 0 | E86: =IFERROR(D86/C86,0) -> 0 | F86: 0 | G86: =24-F86 -> 24 | H86: =F86/24 -> 0 | I86: =IFERROR(O86/K86,0) -> 0 | J86: =IFERROR(I86/C86,0) -> 0 | K86: =F86+'01'!K86 -> 0 | L86: =G86+'01'!L86 -> 48 | M86: =K86/(24*2) -> 0 | N86: 0 | O86: =N86+'01'!O86 -> 0
A87: Цементная мельница №3 | B87: т/ч | C87: 37 | D87: =IFERROR(N87/F87,0) -> 0 | E87: =IFERROR(D87/C87,0) -> 0 | F87: 0 | G87: =24-F87 -> 24 | H87: =F87/24 -> 0 | I87: =IFERROR(O87/K87,0) -> 0 | J87: =IFERROR(I87/C87,0) -> 0 | K87: =F87+'01'!K87 -> 0 | L87: =G87+'01'!L87 -> 48 | M87: =K87/(24*2) -> 0 | N87: 0 | O87: =N87+'01'!O87 -> 0
A88: Цементная мельница №4 | B88: т/ч | C88: ='01'!C88 -> 0 | D88: =IFERROR(N88/F88,0) -> 0 | E88: =IFERROR(D88/C88,0) -> 0 | F88: 0 | G88: =24-F88 -> 24 | H88: =F88/24 -> 0 | I88: =IFERROR(O88/K88,0) -> 0 | J88: =IFERROR(I88/C88,0) -> 0 | K88: =F88+'01'!K88 -> 0 | L88: =G88+'01'!L88 -> 48 | M88: =K88/(24*2) -> 0 | N88: 0 | O88: =N88+'01'!O88 -> 0
A89: Цементная мельница ШЦМ №5 | B89: т/ч | C89: ='01'!C89 -> 47 | D89: =IFERROR(N89/F89,0) -> 39.244607 | E89: =IFERROR(D89/C89,0) -> 0.83499164 | F89: 0.94305556 | G89: =24-F89 -> 23.056944 | H89: =F89/24 -> 0.039293981 | I89: =IFERROR(O89/K89,0) -> 41.420861 | J89: =IFERROR(I89/C89,0) -> 0.88129491 | K89: =F89+'01'!K89 -> 1.695 | L89: =G89+'01'!L89 -> 46.305 | M89: =K89/(24*2) -> 0.0353125 | N89: 37.009845 | O89: =N89+'01'!O89 -> 70.208359 | Q89: 0 | R89: 0
A90: Цементная мельница ШЦМ №6 | B90: т/ч | C90: ='01'!C90 -> 47 | D90: =IFERROR(N90/F90,0) -> 46.914431 | E90: =IFERROR(D90/C90,0) -> 0.99817939 | F90: 19.490556 | G90: =24-F90 -> 4.5094444 | H90: =F90/24 -> 0.81210648 | I90: =IFERROR(O90/K90,0) -> 46.914431 | J90: =IFERROR(I90/C90,0) -> 0.99817939 | K90: =F90+'01'!K90 -> 19.490556 | L90: =G90+'01'!L90 -> 28.509444 | M90: =K90/(24*2) -> 0.40605324 | N90: 914.38833 | O90: =N90+'01'!O90 -> 914.38833 | Q90: 0 | R90: 0
A91: Цементная мельница №7 | B91: т/ч | C91: ='01'!C91 -> 0 | D91: =IFERROR(N91/F91,0) -> 0 | E91: =IFERROR(D91/C91,0) -> 0 | F91: 0 | G91: =24-F91 -> 24 | H91: =F91/24 -> 0 | I91: =IFERROR(O91/K91,0) -> 0 | J91: =IFERROR(I91/C91,0) -> 0 | K91: =F91+'01'!K91 -> 0 | L91: =G91+'01'!L91 -> 48 | M91: =K91/(24*2) -> 0 | N91: 0 | O91: =N91+'01'!O91 -> 0 | Q91: 0 | R91: 0
A92: Цементная мельница ВВЦМ №1 | B92: т/ч | C92: ='01'!C92 -> 156.40497 | D92: =IFERROR(N92/F92,0) -> 138.62996 | E92: =IFERROR(D92/C92,0) -> 0.88635267 | F92: 23.521667 | G92: =24-F92 -> 0.47833333 | H92: =F92/24 -> 0.98006944 | I92: =IFERROR(O92/K92,0) -> 139.90192 | J92: =IFERROR(I92/C92,0) -> 0.89448514 | K92: =F92+'01'!K92 -> 47.521667 | L92: =G92+'01'!L92 -> 0.47833333 | M92: =K92/(24*2) -> 0.99003472 | N92: 3260.8077 | O92: =N92+'01'!O92 -> 6648.3723 | Q92: 0 | R92: 0
A93: Цементная мельница ВВЦМ №2 | B93: т/ч | C93: ='01'!C93 -> 153.20426 | D93: =IFERROR(N93/F93,0) -> 152.70112 | E93: =IFERROR(D93/C93,0) -> 0.99671584 | F93: 24 | G93: =24-F93 -> 0 | H93: =F93/24 -> 1 | I93: =IFERROR(O93/K93,0) -> 148.06651 | J93: =IFERROR(I93/C93,0) -> 0.96646468 | K93: =F93+'01'!K93 -> 48 | L93: =G93+'01'!L93 -> 0 | M93: =K93/(24*2) -> 1 | N93: 3664.8268 | O93: =N93+'01'!O93 -> 7107.1924 | Q93: 0 | R93: 0
A94: Ротоупаковочная машина №1 | B94: т/ч | C94: ='01'!C94 -> 60 | D94: =IFERROR(N94/F94,0) -> 42.85 | E94: =IFERROR(D94/C94,0) -> 0.71416667 | F94: 17 | G94: =24-F94 -> 7 | H94: =F94/24 -> 0.70833333 | I94: =IFERROR(O94/K94,0) -> 111.98529 | J94: =IFERROR(I94/C94,0) -> 1.8664216 | K94: =F94+'01'!K94 -> 17 | L94: =G94+'01'!L94 -> 31 | M94: =K94/(24*2) -> 0.35416667 | N94: =E111+E120+E121+E122 -> 728.45 | O94: =N94+'01'!O94 -> 1903.75 | Q94: 56 | R94: 56
A95: Ротоупаковочная машина №2 | B95: т/ч | D95: =IFERROR(N95/F95,0) -> 53.973333 | E95: =IFERROR(D95/C95,0) -> 0 | F95: 3 | G95: =24-F95 -> 21 | H95: =F95/24 -> 0.125 | I95: =IFERROR(O95/K95,0) -> 227.04 | J95: =IFERROR(I95/C95,0) -> 0 | K95: =F95+'01'!K95 -> 3 | L95: =G95+'01'!L95 -> 45 | M95: =K95/(24*2) -> 0.0625 | N95: =E112+E114+E115+E118+E119 -> 161.92 | O95: =N95+'01'!O95 -> 681.12
A96: Отгрузка
A97: наименование | B97: ЕдИзм | C97: план на месяц | D97: за сутки | G97: с начала месяца
D99: план | E99: факт | F99: % | G99: план | H99: факт | I99: % | J99: план | K99: откл | L99: с начала месяца | N99: с начала года
A100: ВСЕГО | B100: т | C100: =C101+C110 -> 196140 | D100: =D101+D111 -> 2982 | E100: =E101+E110 -> 5199.07 | F100: =IFERROR((E100/D100),0) -> 1.7434842 | G100: =G101+G110 -> 9867 | H100: =H101+H110 -> 12437.47 | I100: =IFERROR((H100/G100),0) -> 1.2605118 | M100: MTBF | O100: MTBF
A101: Навалом, в т.ч. | B101: т | C101: =SUM(C102:C109) -> 143308 | D101: =SUM(D102:D109) -> 2982 | E101: =SUM(E102:E109) -> 4308.7 | F101: =IFERROR((E101/D101),0) -> 1.4449027 | G101: =SUM(G102:G109) -> 5919 | H101: =SUM(H102:H109) -> 9852.6 | I101: =IFERROR((H101/G101),0) -> 1.6645717 | L101: ВП №5 | N101: ВП №5
A102: ЦEМ II/B-K(З-И) 32,5H | B102: т | C102: ='01'!C102 -> 0 | D102: 0 | E102: 0 | F102: =IFERROR((E102/D102),0) -> 0 | G102: =D102+'01'!G102 -> 0 | H102: =E102+'01'!H102 -> 0 | I102: =IFERROR((H102/G102),0) -> 0
A103: AMD - 1000 | B103: т | C103: ='01'!C103 -> 11500 | D103: 270 | E103: 0 | F103: =IFERROR((E103/D103),0) -> 0 | G103: =D103+'01'!G103 -> 460 | H103: =E103+'01'!H103 -> 0 | I103: =IFERROR((H103/G103),0) -> 0
A104: ЦЕМ I 52.5Н | B104: т | C104: ='01'!C104 -> 127150 | D104: 2500 | E104: 3360.35 | F104: =IFERROR((E104/D104),0) -> 1.34414 | G104: =D104+'01'!G104 -> 5184 | H104: =E104+'01'!H104 -> 8176.25 | I104: =IFERROR((H104/G104),0) -> 1.5772087
...

Sheet 03
A1: =CONCATENATE("Ежедневный отчет производства и отгрузки за 03 ",Q1) -> Ежедневный отчет производства и отгрузки за 03 август | Q1: август
Q2: 31
A3: Наименование | B3: ЕдИзм | C3: План на месяц | D3: Остатки на складе на начало месяца | E3: Производство/поступление | J3: Отгружено со склада/отпущено в производство/перемещение | L3: Остаток на складе на конец суток | M3: Акты ОКК о переводе марок/перемещение между складами | N3: Перемещения | O3: Комментарии
E4: план на сутки | F4: факт за сутки | G4: план с начала месяца | H4: факт с начала месяца | I4: % | J4: факт за сутки | K4: факт с начала месяца
A5: Клинкер всего | B5: т | C5: =C6+C9 -> 160800 | D5: =D6+D9+D8 -> 143025.21 | E5: =E6+E9 -> 6700 | F5: =F6+F9 -> 6335.2598 | G5: =G6+G9 -> 20100 | H5: =H6+H9 -> 16874.071 | I5: =IFERROR((H5/G5),0) -> 0.83950604 | J5: =J6+J9 -> 3705.5798 | K5: =K6+K9+K8 -> 17027.104 | L5: =L6+L9+L8 -> 142872.18
A6: Клинкер грейферный склад | B6: т | C6: ='01'!C6 -> 0 | D6: ='01'!D6 -> 15952.92 | E6: 0 | G6: =E6+'02'!G6 -> 0 | H6: =F6+'02'!H6 -> 0 | K6: =J6+'02'!K6 -> 0 | L6: =D6+H6-K6-M6-N6 -> 15952.92 | N6: 0
A7: Клинкер некондиция (шихта) | B7: т | D7: ='01'!D7 -> 0 | F7: 0 | H7: =F7+'02'!H7 -> 0 | K7: =J7+'02'!K7 -> 0 | L7: =D7+H7-K7-M7-N7 -> 0
A8: клинкер некондиционный склад БСУ | B8: т | D8: ='01'!D8 -> 0 | H8: =F8+'02'!H8 -> 0 | K8: =J8+'02'!K8 -> 0 | L8: =D8+H8-K8 -> 0
A9: Клинкер сухой линии в т.ч.: | B9: т | C9: ='01'!C9 -> 160800 | D9: ='01'!D9 -> 127072.29 | E9: 6700 | F9: =F10+F11+F12+F13 -> 6335.2598 | G9: =E9+'02'!G9 -> 20100 | H9: =F9+'02'!H9 -> 16874.071 | I9: =IFERROR((H9/G9),0) -> 0.83950604 | J9: =J10+J11+J12+J13 -> 3705.5798 | K9: =K10+K11+K12+K13 -> 17027.104 | L9: =D9+H9-K9+M9+N9 -> 126919.26 | N9: 0
A10: клинкер в силосе | B10: т | D10: ='01'!D10 -> 56300.274 | F10: 6335.2598 | G10: =E10+'02'!G10 -> 0 | H10: =F10+'02'!H10 -> 16874.071 | J10: 3705.5798 | K10: =J10+'02'!K10 -> 17027.104 | L10: =D10+H10-K10+M10-N10 -> 56147.242
A11: Клинкер СС грейферный склад | B11: т | D11: ='01'!D11 -> 18224.017 | G11: =E11+'02'!G11 -> 0 | H11: =F11+'02'!H11 -> 0 | J11: 0 | K11: =J11+'02'!K11 -> 0 | L11: =D11+H11-K11+M11-N11 -> 18224.017
A12: клинкер на площадку (за шатровый склад) | B12: т | D12: ='01'!D12 -> 52548.003 | E12: =C12/31 -> 0 | G12: =E12+'02'!G12 -> 0 | H12: =F12+'02'!H12 -> 0 | K12: =J12+'02'!K12 -> 0 | L12: =D12+H12-K12+M12-N12 -> 52548.003
A13: клинкер на площадку (лессовый) | B13: т | D13: ='01'!D13 -> 0 | H13: =F13+'02'!H13 -> 0 | K13: =J13+'02'!K13 -> 0 | L13: =D13+H13-K13+M13-N13 -> 0
A14: Цемент в силосах всего, в том числе: | B14: т | C14: =SUM(C15:C21) -> 195040 | D14: ='01'!D14 -> 25904.614 | E14: =SUM(E15:E21) -> 6561 | F14: =SUM(F15:F21) -> 4117.5269 | G14: =SUM(G15:G21) -> 16403 | H14: =SUM(H15:H21) -> 18857.688 | I14: =IFERROR((H14/G14),0) -> 1.1496487 | J14: =SUM(J15:J21) -> 4921.76 | K14: =SUM(K15:K21) -> 16699.43 | L14: =SUM(L15:L21) -> 28062.873 | S14: Клинкер фактор | T14: =J5/F14 -> 0.89995278
A15: ЦЕМ II/А-Г 32.5Н | B15: т | C15: ='01'!C15 -> 0 | D15: ='01'!D15 -> 0 | E15: 0 | F15: 0 | G15: =E15+'02'!G15 -> 0 | H15: =F15+'02'!H15 -> 0 | I15: =IFERROR((H15/G15),0) -> 0 | J15: 0 | K15: =J15+'02'!K15 -> 0 | L15: =D15+H15-K15+M15 -> 0
A16: ЦEМ II/B-K(З-И) 42,5H | B16: т | C16: ='01'!C16 -> 44352 | D16: ='01'!D16 -> 6069.3573 | E16: 1491.9682 | F16: 744.77179 | G16: =E16+'02'!G16 -> 3730.0341 | H16: =F16+'02'!H16 -> 3228.5002 | I16: =IFERROR((H16/G16),0) -> 0.86554174 | J16: =IFERROR(SUMIF(A101:A114,A16,E101:E114),0)+E111+E112+E113 -> 875.96 | K16: =J16+'02'!K16 -> 2894.23 | L16: =D16+H16-K16+M16 -> 6403.6275
A17: AMD - 1000 | B17: т | C17: ='01'!C17 -> 0 | D17: ='01'!D17 -> 483.2374 | E17: 0 | F17: 0 | G17: =E17+'02'!G17 -> 0 | H17: =F17+'02'!H17 -> 0 | I17: =IFERROR((H17/G17),0) -> 0 | J17: =IFERROR(SUMIF(A102:A115,A17,E102:E115),0)+E116+E119+E121+E114 -> 0 | K17: =J17+'02'!K17 -> 0 | L17: =D17+H17-K17+M17 -> 483.2374 | S17: Коэф. мука-клинкер | T17: =O51/F5 -> 1.632753
A18: ЦEМ II/B-K(З-И) 32,5H | B18: т | C18: ='01'!C18 -> 1360 | D18: ='01'!D18 -> 3183.2381 | F18: 0 | G18: =E18+'02'!G18 -> 0 | H18: =F18+'02'!H18 -> 0 | I18: =IFERROR((H18/G18),0) -> 0 | J18: =IFERROR(SUMIF(A102:A115,A18,E102:E115),0)+E118+E120 -> 0 | K18: =J18+'02'!K18 -> 0 | L18: =D18+H18-K18+M18 -> 3183.2381
A19: ='01'!A19 -> ЦЕМ I 52.5Н | B19: т | C19: ='01'!C19 -> 145770 | D19: ='01'!D19 -> 12764.734 | E19: 4903.594 | F19: 3372.7551 | G19: =E19+'02'!G19 -> 12259.359 | H19: =F19+'02'!H19 -> 15629.188 | I19: =IFERROR((H19/G19),0) -> 1.2748781 | J19: =IFERROR(SUMIF(A102:A115,A19,E102:E115),0)+E117+E115+E122 -> 3703.2 | K19: =J19+'02'!K19 -> 13235.55 | L19: =D19+H19-K19+M19 -> 15158.372
A20: ЦЕМ I 42.5Н СС | B20: т | C20: ='01'!C20 -> 3558 | D20: ='01'!D20 -> 3404.048 | E20: 119.68846 | F20: 0 | G20: =E20+'02'!G20 -> 299.23028 | H20: =F20+'02'!H20 -> 0 | I20: =IFERROR((H20/G20),0) -> 0 | J20: =IFERROR(SUMIF(A102:A115,A20,E102:E115),0) -> 342.6 | K20: =J20+'02'!K20 -> 569.65 | L20: =D20+H20-K20+M20 -> 2834.398
A21: ='01'!A21 -> ЦЕМ I 42.5Н | B21: т | C21: ='01'!C21 -> 0 | D21: ='01'!D21 -> 8.7766239e-11 | E21: 45.749385 | F21: 0 | G21: =E21+'02'!G21 -> 114.37695 | H21: =F21+'02'!H21 -> 0 | I21: =IFERROR((H21/G21),0) -> 0 | J21: =IFERROR(SUMIF(A102:A115,A21,E102:E115),0) -> 0 | K21: =J21+'02'!K21 -> 0 | L21: =D21+H21-K21+M21 -> 8.7766239e-11
A22: AMD - 6 (навал) | C22: ='01'!C22 -> 1100 | D22: ='01'!D22 -> 2833.7506 | E22: 0 | F22: 2130.1045 | G22: =E22+'02'!G22 -> 0 | H22: =F22+'02'!H22 -> 2130.1045 | J22: =IFERROR(SUMIF(A103:A123,A22,E103:E123),0)+E109 -> 73.45 | K22: =J22+'02'!K22 -> 733.25 | L22: =D22+H22-K22+M22 -> 4230.6051
A23: Тара: МКР | B23: т | C23: ='01'!C23 -> 0 | D23: ='01'!D23 -> 52 | E23: 0 | F23: =SUM(F24:F29) -> 0 | G23: =E23+'02'!G23 -> 0 | H23: =SUM(H24:H29) -> 0 | I23: =IFERROR((H23/G23),0) -> 0 | J23: =SUM(J24:J29) -> 20 | K23: =J23+'02'!K23 -> 20 | L23: =D23+H23-K23+M23 -> 32
A24: ЦЕМ II/А-К (З-И) 42,5Н | B24: т | D24: ='01'!D24 -> 0 | F24: 0 | G24: =E24+'02'!G24 -> 0 | H24: =F24+'02'!H24 -> 0 | J24: 0 | K24: =J24+'02'!K24 -> 0 | L24: =D24+H24-K24+M24 -> 0
A25: ЦEМ II/B-K(З-И) 32,5H | B25: т | D25: ='01'!D25 -> 16 | F25: 0 | G25: =E25+'02'!G25 -> 0 | H25: =F25+'02'!H25 -> 0 | J25: 20 | K25: =J25+'02'!K25 -> 20 | L25: =D25+H25-K25+M25 -> -4
A26: ='01'!A26 -> ЦEМ I 52,5H Портландцемент (МКР) | B26: т | D26: ='01'!D26 -> 36 | F26: 0 | G26: =E26+'02'!G26 -> 0 | H26: =F26+'02'!H26 -> 0 | J26: 0 | K26: =J26+'02'!K26 -> 0 | L26: =D26+H26-K26+M26 -> 36
A27: ='01'!A27 -> ЦЕМ I 42.5Н | B27: т | D27: ='01'!D27 -> 0 | F27: 0 | G27: =E27+'02'!G27 -> 0 | H27: =F27+'02'!H27 -> 0 | K27: =J27+'02'!K27 -> 0 | L27: =D27+H27-K27+M27 -> 0
B28: т | F28: =J28 -> 0 | G28: =E28+'02'!G28 -> 0 | H28: =F28+'02'!H28 -> 0 | K28: =J28+'02'!K28 -> 0 | L28: =D28+H28-K28+M28 -> 0
B29: т | F29: =J29 -> 0 | G29: =E29+'02'!G29 -> 0 | H29: =F29+'02'!H29 -> 0 | K29: =J29+'02'!K29 -> 0 | L29: =D29+H29-K29+M29 -> 0
A30: Тара: паллеты | B30: т | D30: ='01'!D30 -> 1513.6 | F30: =SUM(F31:F37) -> 0 | G30: =E30+'02'!G30 -> 0 | H30: =SUM(H31:H37) -> 554.4 | I30: =IFERROR((H30/G30),0) -> 0 | J30: =SUM(J31:J37) -> 212.96 | K30: =J30+'02'!K30 -> 894.08 | L30: =D30+H30-K30+M30 -> 1173.92
A31: ЦЕМ II/А-К (З-И) 42,5Н | B31: т | D31: ='01'!D31 -> 0 | F31: 0 | G31: =E31+'02'!G31 -> 0 | H31: =F31+'02'!H31 -> 0 | J31: 0 | K31: =J31+'02'!K31 -> 0 | L31: =D31+H31-K31+M31 -> 0
A32: ЦEМ II/B-K(З-И) 42,5H | B32: т | D32: ='01'!D32 -> 1508.32 | F32: 0 | G32: =E32+'02'!G32 -> 0 | H32: =F32+'02'!H32 -> 554.4 | J32: 212.96 | K32: =J32+'02'!K32 -> 894.08 | L32: =D32+H32-K32+M32 -> 1168.64
A33: ='01'!A33 -> ЦЕМ I 52.5Н | B33: т | D33: ='01'!D33 -> 5.28 | F33: 0 | G33: =E33+'02'!G33 -> 0 | H33: =F33+'02'!H33 -> 0 | J33: 0 | K33: =J33+'02'!K33 -> 0 | L33: =D33+H33-K33+M33 -> 5.28
A34: ='01'!A34 -> ЦЕМ I 42.5Н | B34: т | D34: ='01'!D34 -> 0 | F34: 0 | G34: =E34+'02'!G34 -> 0 | H34: =F34+'02'!H34 -> 0 | K34: =J34+'02'!K34 -> 0 | L34: =D34+H34-K34+M34 -> 0
B35: т | F35: =J35 -> 0 | G35: =E35+'02'!G35 -> 0 | H35: =F35+'02'!H35 -> 0 | K35: =J35+'02'!K35 -> 0 | L35: =D35+H35-K35+M35 -> 0
A36: Песок природный | B36: т | C36: ='01'!C36 -> 3500 | D36: ='01'!D36 -> 1673.24 | F36: =J36 -> 0 | G36: =E36+'02'!G36 -> 0 | H36: =F36+'02'!H36 -> 0 | J36: 0 | K36: =J36+'02'!K36 -> 0 | L36: =D36+H36-K36+M36 -> 1673.24
A37: Щебень фракции 5-20 | B37: т | C37: ='01'!C37 -> 0 | D37: ='01'!D37 -> 294.64 | F37: =J37 -> 0 | G37: =E37+'02'!G37 -> 0 | H37: =F37+'02'!H37 -> 0 | J37: 0 | K37: =J37+'02'!K37 -> 0 | L37: =D37+H37-K37+M37 -> 294.64
A38: Известняк общий: | B38: т | C38: ='01'!C38 -> 153958.11 | D38: ='01'!D38 -> 1756.983 | E38: =C38/31 -> 4966.3906 | F38: =SUM(F39:F42) -> 3124.3589 | G38: =E38+'02'!G38 -> 14899.172 | H38: =F38+'02'!H38 -> 9132.5708 | I38: =IFERROR((H38/G38),0) -> 0.61295829 | J38: =SUM(J39:J40) -> 4288.3589 | K38: =J38+'02'!K38 -> 9083.5708 | L38: =D38+H38-K38 -> 1805.983
A39: известняк на шатровый склад | B39: т | F39: 2045.3589 | H39: =F39+'02'!H39 -> 6840.5708 | J39: =F39 -> 2045.3589 | K39: =J39+'02'!K39 -> 6840.5708
A40: известняк на помол | B40: т | F40: 1079 | H40: =F40+'02'!H40 -> 2292 | J40: 2243 | K40: =J40+'02'!K40 -> 2243
A41: известняк на цемент мокрый | B41: т | H41: =F41+'02'!H41 -> 0 | K41: =J41+'02'!K41 -> 0
A42: известняк на цемент сухой | B42: т | H42: =F42+'02'!H42 -> 0 | K42: =J42+'02'!K42 -> 0
A43: Мергель | B43: т | C43: ='01'!C43 -> 96601.879 | E43: =C43/30 -> 3220.0626 | F43: 2410 | G43: =E43+'02'!G43 -> 9660.1879 | H43: =F43+'02'!H43 -> 8403.8 | I43: =IFERROR((H43/G43),0) -> 0.86994167 | J43: =F43 -> 2410 | K43: =J43+'02'!K43 -> 8403.8 | L43: =D43+H43-K43 -> 0
A44: Глина (лёсс) всего: | B44: т | C44: ='01'!C44 -> 40846.933 | D44: ='01'!D44 -> 3759.4565 | E44: =C44/30 -> 1361.5644 | F44: 1582 | G44: =E44+'02'!G44 -> 4084.6933 | H44: =F44+'02'!H44 -> 7255 | I44: =IFERROR((H44/G44),0) -> 1.7761431 | J44: 1656.5844 | K44: =J44+'02'!K44 -> 4780.2486 | L44: =D44+H44-K44 -> 6234.2079
A45: лесс на мокрый | F45: 0 | H45: =F45+'02'!H45 -> 0 | K45: =J45+'02'!K45 -> 0
A46: лесс на сухой | H46: =F46+'02'!H46 -> 0 | K46: =J46+'02'!K46 -> 0
A47: лесс корректировочный | H47: =F47+'02'!H47 -> 0 | K47: =J47+'02'!K47 -> 0
A48: Сырьевая смесь | B48: т | C48: ='01'!C48 -> 238663.47 | D48: ='01'!D48 -> 14554.972 | E48: =C48/30 -> 7955.4488 | F48: 4455.3589 | G48: =E48+'02'!G48 -> 23866.347 | H48: =F48+'02'!H48 -> 15244.371 | I48: =IFERROR((H48/G48),0) -> 0.63873919 | J48: 10439.769 | K48: =J48+'02'!K48 -> 27730.382 | L48: =D48+H48-K48 -> 2068.961
A49: Сырьевая мука, в т.ч.: | B49: т | C49: =C50+C51 -> 256898.95 | D49: =D50+D51 -> 6890.392 | E49: =SUM(E50:E51) -> 11500 | F49: =SUM(F50:F51) -> 11941.875 | G49: =SUM(G50:G51) -> 34500 | H49: =SUM(H50:H51) -> 32176.187 | I49: =IFERROR((H49/G49),0) -> 0.9326431 | J49: =SUM(J50:J51) -> 9774.999 | K49: =SUM(K50:K51) -> 26069.181 | L49: =D49+H49-K49+M49 -> 12997.398
A50: Производства №1 | B50: т | C50: ='01'!C50 -> 0 | D50: ='01'!D50 -> 2323.23 | E50: 0 | G50: =E50+'02'!G50 -> 0 | H50: =F50+'02'!H50 -> 0 | I50: =IFERROR((H50/G50),0) -> 0 | K50: =J50+'02'!K50 -> 0 | L50: =D50+H50-K50+M50 -> 2323.23
A51: Производства №2 | B51: т | C51: ='01'!C51 -> 256898.95 | D51: ='01'!D51 -> 4567.162 | E51: 11500 | F51: 11941.875 | G51: =E51+'02'!G51 -> 34500 | H51: =F51+'02'!H51 -> 32176.187 | I51: =IFERROR((H51/G51),0) -> 0.9326431 | J51: =O51-P51 -> 9774.999 | K51: =J51+'02'!K51 -> 26069.181 | L51: =D51+H51-K51+M51 -> 10674.168 | O51: 10343.914 | P51: =O51*0.055 -> 568.91529 | Y51: гипс | Z51: =L54 -> 12209.579
A52: Покупное сырье всего, в т.ч.: | B52: т | C52: ='01'!C52 -> 0 | D52: ='01'!D52 -> 0 | Y52: огарка | Z52: =L55 -> 2640.604
A53: Глиеж | B53: т | C53: ='01'!C53 -> 0 | D53: ='01'!D53 -> 0 | E53: =C53/$Q$2 -> 0 | F53: 0 | G53: =E53+'02'!G53 -> 0 | H53: =F53+'02'!H53 -> 0 | I53: =IFERROR((H53/G53),0) -> 0 | K53: =J53+'02'!K53 -> 0 | L53: =D53+H53-K53 -> 0
A54: Гипс | B54: т | C54: ='01'!C54 -> 10000 | D54: ='01'!D54 -> 13684.916 | E54: =C54/$Q$2 -> 322.58065 | F54: 0 | G54: =E54+'02'!G54 -> 967.74194 | H54: =F54+'02'!H54 -> 0 | I54: =IFERROR((H54/G54),0) -> 0 | J54: 313.06446 | K54: =J54+'02'!K54 -> 1475.3367 | L54: =D54+H54-K54 -> 12209.579 | Y54: уголь | Z54: =L63 -> 5722.7924
A55: Добавки железосодержащие(Консенсус) | B55: т | C55: ='01'!C55 -> 17000 | D55: ='01'!D55 -> 3999.5666 | E55: =C55/$Q$2 -> 548.3871 | F55: 0 | G55: =E55+'02'!G55 -> 1645.1613 | H55: =F55+'02'!H55 -> 0 | I55: =IFERROR((H55/G55),0) -> 0 | J55: 474.01919 | K55: =J55+'02'!K55 -> 1358.9626 | L55: =D55+H55-K55 -> 2640.604 | R55: =D55+H55-K55 -> 2640.604 | Y55: золошлак | Z55: =L58 -> 3480.6938
A56: Каолин | B56: т | C56: ='01'!C56 -> 0 | D56: ='01'!D56 -> 0 | E56: =C56/$Q$2 -> 0 | F56: 0 | G56: =E56+'02'!G56 -> 0 | H56: =F56+'02'!H56 -> 0 | I56: =IFERROR((H56/G56),0) -> 0 | K56: =J56+'02'!K56 -> 0 | L56: =D56+H56-K56 -> 0
A57: Фосфозол | B57: т | C57: ='01'!C57 -> 0 | D57: ='01'!D57 -> 178.075 | E57: =C57/$Q$2 -> 0 | F57: 0 | G57: =E57+'02'!G57 -> 0 | H57: =F57+'02'!H57 -> 0 | I57: =IFERROR((H57/G57),0) -> 0 | K57: =J57+'02'!K57 -> 0 | L57: =D57+H57-K57 -> 178.075 | Y57: песок | Z57: =L59 -> 4269.088
A58: Золошлак | B58: т | C58: ='01'!C58 -> 0 | D58: ='01'!D58 -> 3480.6938 | E58: =C58/$Q$2 -> 0 | F58: 0 | G58: =E58+'02'!G58 -> 0 | H58: =F58+'02'!H58 -> 0 | I58: =IFERROR((H58/G58),0) -> 0 | J58: 0 | K58: =J58+'02'!K58 -> 0 | L58: =D58+H58-K58 -> 3480.6938 | Y58: руда | Z58: =L62 -> 1531.725
A59: Песок мелкозернистый | B59: т | D59: ='01'!D59 -> 4269.088 | F59: 0 | H59: =F59+'02'!H59 -> 0 | K59: =J59+'02'!K59 -> 0 | L59: =D59+H59-K59 -> 4269.088
A60: Интенсификатор помола | B60: т | D60: ='01'!D60 -> 0 | H60: =F60+'02'!H60 -> 0 | K60: =J60+'02'!K60 -> 0 | L60: =D60+H60-K60 -> 0
A61: Вторичный цемент | B61: т | D61: ='01'!D61 -> 1063.653 | H61: =F61+'02'!H61 -> 0 | J61: =D139+D141 -> 0 | K61: =J61+'02'!K61 -> 0 | L61: =D61+H61-K61 -> 1063.653
A62: Железосодержащая руда | B62: т | D62: ='01'!D62 -> 1531.725 | F62: 0 | H62: =F62+'02'!H62 -> 0 | J62: 0 | K62: =J62+'02'!K62 -> 0 | L62: =D62+H62-K62 -> 1531.725
A63: Уголь каменный | B63: т | C63: ='01'!C63 -> 30000 | D63: =SUM(D64:D71) -> 4405.6172 | F63: 0 | H63: =F63+'02'!H63 -> 3329.15 | J63: 739.70009 | K63: =J63+'02'!K63 -> 2011.9748 | L63: =D63+H63-K63 -> 5722.7924
A64: Уголь (Шубарколь премиум) | B64: т | D64: ='01'!D64 -> 452.58776 | H64: =F64+'02'!H64 -> 0 | K64: =J64+'02'!K64 -> 0 | L64: =D64+H64-K64 -> 452.58776
A65: Уголь (Izzatullo kamoli) | B65: т | D65: ='01'!D65 -> 0 | H65: =F65+'02'!H65 -> 0 | K65: =J65+'02'!K65 -> 0 | L65: =D65+H65-K65 -> 0
A66: Уголь Киргизия (D-G Logistic) | B66: т | D66: ='01'!D66 -> 0 | H66: =F66+'02'!H66 -> 0 | K66: =J66+'02'!K66 -> 0 | L66: =D66+H66-K66 -> 0
A67: Уголь Кара-жыра (Brandcoal) | B67: т | D67: ='01'!D67 -> 243.8 | H67: =F67+'02'!H67 -> 0 | K67: =J67+'02'!K67 -> 0 | L67: =D67+H67-K67 -> 243.8
A68: Уголь (Euro eco garden) | B68: т | D68: ='01'!D68 -> 0 | H68: =F68+'02'!H68 -> 0 | K68: =J68+'02'!K68 -> 0 | L68: =D68+H68-K68 -> 0
A69: Уголь (Komir Savdo Brand) | B69: т | D69: ='01'!D69 -> -14212.944 | H69: =F69+'02'!H69 -> 0 | J69: 739.70009 | K69: =J69+'02'!K69 -> 2011.9748 | L69: =D69+H69-K69 -> -16224.919
A70: Уголь (Жалын кумир) | B70: т | D70: ='01'!D70 -> 17922.174 | F70: 0 | H70: =F70+'02'!H70 -> 3329.15 | K70: =J70+'02'!K70 -> 0 | L70: =D70+H70-K70 -> 21251.324
A71: Уголь (Shargun Komir) | B71: т | D71: ='01'!D71 -> 0 | H71: =F71+'02'!H71 -> 0 | K71: =J71+'02'!K71 -> 0 | L71: =D71+H71-K71 -> 0
A72: Форсуночное топливо | B72: т | D72: ='01'!D72 -> 145.84215 | F72: =N82 -> 702.71508 | H72: =F72+'02'!H72 -> 1911.376 | J72: =K131 -> 697.34602 | K72: =J72+'02'!K72 -> 1866.5616 | L72: =D72+H72-K72 -> 190.65658
A73: Дизельное топливо | D73: ='01'!D73 -> 0 | H73: =F73+'02'!H73 -> 0 | L73: =D73+H73-K73 -> 0
A77: Работа основного оборудования
A78: наименование | B78: ЕдИзм | C78: планируемая мощность | D78: факт за сутки | I78: факт с начала месяца | N78: Производства | P78: Комментарии
D79: фактическая мощность за сутки | E79: загрузка производственных мощностей | F79: время работы | G79: простой | H79: надежность | I79: фактическая мощность с начала месяца | J79: загрузка производственных мощностей | K79: время работы | L79: простой | M79: надежность | N79: факт за сутки | O79: факт с начала месяца | Q79: план сутки | R79: план с начала месяца
A80: Вращающаяся печь №1 | B80: т/ч | C80: ='01'!C80 -> 0 | D80: #DIV/0! | E80: =IFERROR(D80/C80,0) -> 0 | F80: 0 | G80: =24-F80 -> 24 | H80: =F80/24 -> 0 | I80: #DIV/0! | J80: =IFERROR(I80/C80,0) -> 0 | K80: 0 | L80: =24*3-K80 -> 72 | M80: =K80/(24*3) -> 0 | O80: =N80+'02'!O80 -> 0 | Q80: 125 | R80: 125
A81: Вращающаяся печь №2 | B81: т/ч | C81: ='01'!C81 -> 0 | D81: #DIV/0! | E81: =IFERROR(D81/C81,0) -> 0 | F81: 0 | G81: =24-F81 -> 24 | H81: =F81/24 -> 0 | I81: #DIV/0! | J81: =IFERROR(I81/C81,0) -> 0 | K81: 0 | L81: =24*3-K81 -> 72 | M81: =K81/(24*3) -> 0 | O81: =N81+'02'!O81 -> 0 | Q81: 127.08333 | R81: 127.08333
A82: Угольная мельница | B82: т/ч | C82: ='01'!C82 -> 45 | D82: =IFERROR(N82/F82,0) -> 44.188197 | E82: =IFERROR(D82/C82,0) -> 0.98195994 | F82: 15.902778 | G82: =24-F82 -> 8.0972222 | H82: =F82/24 -> 0.66261574 | I82: =IFERROR(O82/K82,0) -> 43.535461 | J82: =IFERROR(I82/C82,0) -> 0.96745469 | K82: =F82+'02'!K82 -> 43.903889 | L82: =24*3-K82 -> 28.096111 | M82: =K82/(24*3) -> 0.60977623 | N82: 702.71508 | O82: =N82+'02'!O82 -> 1911.376 | Q82: 127.08333 | R82: 127.08333
A83: Сырьевая мельница ВВСМ №7 | B83: т/ч | C83: ='01'!C83 -> 500 | D83: =IFERROR(N83/F83,0) -> 504.12475 | E83: =IFERROR(D83/C83,0) -> 1.0082495 | F83: 23.688333 | G83: =24-F83 -> 0.31166667 | H83: =F83/24 -> 0.98701389 | I83: =IFERROR(O83/K83,0) -> 498.27193 | J83: =IFERROR(I83/C83,0) -> 0.99654387 | K83: =F83+'02'!K83 -> 64.575556 | L83: =G83+'02'!L83 -> 7.4244444 | M83: =K83/(24*3) -> 0.89688272 | N83: 11941.875 | O83: =N83+'02'!O83 -> 32176.187 | Q83: 127.08333 | R83: 127.08333
A84: Вращающаяся печь №5 | B84: т/ч | C84: ='01'!C84 -> 0 | D84: =IFERROR(N84/F84,0) -> 263.96916 | E84: =IFERROR(D84/C84,0) -> 0 | F84: 24 | G84: =24-F84 -> 0 | H84: =F84/24 -> 1 | I84: =IFERROR(O84/K84,0) -> 259.69099 | J84: =IFERROR(I84/C84,0) -> 0 | K84: =F84+'02'!K84 -> 64.9775 | L84: =G84+'02'!L84 -> 7.0225 | M84: =K84/(24*3) -> 0.90246528 | N84: 6335.2598 | O84: =N84+'02'!O84 -> 16874.071 | Q84: 127.08333 | R84: 127.08333
A85: Цементная мельница №1 | B85: т/ч | C85: ='01'!C85 -> 0 | D85: =IFERROR(N85/F85,0) -> 0 | E85: =IFERROR(D85/C85,0) -> 0 | F85: 0 | G85: =24-F85 -> 24 | H85: =F85/24 -> 0 | I85: =IFERROR(O85/K85,0) -> 0 | J85: =IFERROR(I85/C85,0) -> 0 | K85: =F85+'02'!K85 -> 0 | L85: =G85+'02'!L85 -> 72 | M85: =K85/(24*3) -> 0 | N85: 0 | O85: =N85+'02'!O85 -> 0
A86: Цементная мельница №2 | B86: т/ч | C86: 37 | D86: =IFERROR(N86/F86,0) -> 0 | E86: =IFERROR(D86/C86,0) -> 0 | F86: 0 | G86: =24-F86 -> 24 | H86: =F86/24 -> 0 | I86: =IFERROR(O86/K86,0) -> 0 | J86: =IFERROR(I86/C86,0) -> 0 | K86: =F86+'02'!K86 -> 0 | L86: =G86+'02'!L86 -> 72 | M86: =K86/(24*3) -> 0 | N86: 0 | O86: =N86+'02'!O86 -> 0
A87: Цементная мельница №3 | B87: т/ч | C87: 37 | D87: =IFERROR(N87/F87,0) -> 0 | E87: =IFERROR(D87/C87,0) -> 0 | F87: 0 | G87: =24-F87 -> 24 | H87: =F87/24 -> 0 | I87: =IFERROR(O87/K87,0) -> 0 | J87: =IFERROR(I87/C87,0) -> 0 | K87: =F87+'02'!K87 -> 0 | L87: =G87+'02'!L87 -> 72 | M87: =K87/(24*3) -> 0 | N87: 0 | O87: =N87+'02'!O87 -> 0
A88: Цементная мельница №4 | B88: т/ч | C88: ='01'!C88 -> 0 | D88: =IFERROR(N88/F88,0) -> 0 | E88: =IFERROR(D88/C88,0) -> 0 | F88: 0 | G88: =24-F88 -> 24 | H88: =F88/24 -> 0 | I88: =IFERROR(O88/K88,0) -> 0 | J88: =IFERROR(I88/C88,0) -> 0 | K88: =F88+'02'!K88 -> 0 | L88: =G88+'02'!L88 -> 72 | M88: =K88/(24*3) -> 0 | N88: 0 | O88: =N88+'02'!O88 -> 0
A89: Цементная мельница ШЦМ №5 | B89: т/ч | C89: ='01'!C89 -> 47 | D89: =IFERROR(N89/F89,0) -> 0 | E89: =IFERROR(D89/C89,0) -> 0 | F89: 0 | G89: =24-F89 -> 24 | H89: =F89/24 -> 0 | I89: =IFERROR(O89/K89,0) -> 41.420861 | J89: =IFERROR(I89/C89,0) -> 0.88129491 | K89: =F89+'02'!K89 -> 1.695 | L89: =G89+'02'!L89 -> 70.305 | M89: =K89/(24*3) -> 0.023541667 | N89: 0 | O89: =N89+'02'!O89 -> 70.208359 | Q89: 0 | R89: 0
A90: Цементная мельница ШЦМ №6 | B90: т/ч | C90: ='01'!C90 -> 47 | D90: =IFERROR(N90/F90,0) -> 51.073401 | E90: =IFERROR(D90/C90,0) -> 1.0866681 | F90: 13.173611 | G90: =24-F90 -> 10.826389 | H90: =F90/24 -> 0.54890046 | I90: =IFERROR(O90/K90,0) -> 48.591763 | J90: =IFERROR(I90/C90,0) -> 1.0338673 | K90: =F90+'02'!K90 -> 32.664167 | L90: =G90+'02'!L90 -> 39.335833 | M90: =K90/(24*3) -> 0.45366898 | N90: 672.82113 | O90: =N90+'02'!O90 -> 1587.2095 | Q90: 0 | R90: 0
A91: Цементная мельница №7 | B91: т/ч | C91: ='01'!C91 -> 0 | D91: =IFERROR(N91/F91,0) -> 0 | E91: =IFERROR(D91/C91,0) -> 0 | F91: 0 | G91: =24-F91 -> 24 | H91: =F91/24 -> 0 | I91: =IFERROR(O91/K91,0) -> 0 | J91: =IFERROR(I91/C91,0) -> 0 | K91: =F91+'02'!K91 -> 0 | L91: =G91+'02'!L91 -> 72 | M91: =K91/(24*3) -> 0 | N91: 0 | O91: =N91+'02'!O91 -> 0 | Q91: 0 | R91: 0
A92: Цементная мельница ВВЦМ №1 | B92: т/ч | C92: ='01'!C92 -> 156.40497 | D92: =IFERROR(N92/F92,0) -> 140.53146 | E92: =IFERROR(D92/C92,0) -> 0.89851024 | F92: 24 | G92: =24-F92 -> 0 | H92: =F92/24 -> 1 | I92: =IFERROR(O92/K92,0) -> 140.11317 | J92: =IFERROR(I92/C92,0) -> 0.89583582 | K92: =F92+'02'!K92 -> 71.521667 | L92: =G92+'02'!L92 -> 0.47833333 | M92: =K92/(24*3) -> 0.99335648 | N92: 3372.7551 | O92: =N92+'02'!O92 -> 10021.127 | Q92: 0 | R92: 0
A93: Цементная мельница ВВЦМ №2 | B93: т/ч | C93: ='01'!C93 -> 153.20426 | D93: =IFERROR(N93/F93,0) -> 135.18986 | E93: =IFERROR(D93/C93,0) -> 0.88241582 | F93: 16.288611 | G93: =24-F93 -> 7.7113889 | H93: =F93/24 -> 0.67869213 | I93: =IFERROR(O93/K93,0) -> 144.80399 | J93: =IFERROR(I93/C93,0) -> 0.94516947 | K93: =F93+'02'!K93 -> 64.288611 | L93: =G93+'02'!L93 -> 7.7113889 | M93: =K93/(24*3) -> 0.89289738 | N93: 2202.0551 | O93: =N93+'02'!O93 -> 9309.2475 | Q93: 0 | R93: 0
A94: Ротоупаковочная машина №1 | B94: т/ч | C94: ='01'!C94 -> 60 | D94: =IFERROR(N94/F94,0) -> 45.23 | E94: =IFERROR(D94/C94,0) -> 0.75383333 | F94: 15 | G94: =24-F94 -> 9 | H94: =F94/24 -> 0.625 | I94: =IFERROR(O94/K94,0) -> 80.69375 | J94: =IFERROR(I94/C94,0) -> 1.3448958 | K94: =F94+'02'!K94 -> 32 | L94: =G94+'02'!L94 -> 40 | M94: =K94/(24*3) -> 0.44444444 | N94: =E111+E120+E121+E122 -> 678.45 | O94: =N94+'02'!O94 -> 2582.2 | Q94: 56 | R94: 56
A95: Ротоупаковочная машина №2 | B95: т/ч | D95: =IFERROR(N95/F95,0) -> 53.24 | E95: =IFERROR(D95/C95,0) -> 0 | F95: 4 | G95: =24-F95 -> 20 | H95: =F95/24 -> 0.16666667 | I95: =IFERROR(O95/K95,0) -> 127.72571 | J95: =IFERROR(I95/C95,0) -> 0 | K95: =F95+'02'!K95 -> 7 | L95: =G95+'02'!L95 -> 65 | M95: =K95/(24*3) -> 0.097222222 | N95: =E112+E114+E115+E118+E119 -> 212.96 | O95: =N95+'02'!O95 -> 894.08
A96: Отгрузка
A97: наименование | B97: ЕдИзм | C97: план на месяц | D97: за сутки | G97: с начала месяца
D99: план | E99: факт | F99: % | G99: план | H99: факт | I99: % | J99: план | K99: откл | L99: с начала месяца | N99: с начала года
A100: ВСЕГО | B100: т | C100: =C101+C110 -> 196140 | D100: =D101+D111 -> 4863 | E100: =E101+E110 -> 4995.21 | F100: =IFERROR((E100/D100),0) -> 1.0271869 | G100: =G101+G110 -> 16453 | H100: =H101+H110 -> 17432.68 | I100: =IFERROR((H100/G100),0) -> 1.0595442 | M100: MTBF | O100: MTBF
A101: Навалом, в т.ч. | B101: т | C101: =SUM(C102:C109) -> 143308 | D101: =SUM(D102:D109) -> 4863 | E101: =SUM(E102:E109) -> 4083.8 | F101: =IFERROR((E101/D101),0) -> 0.83976969 | G101: =SUM(G102:G109) -> 10782 | H101: =SUM(H102:H109) -> 13936.4 | I101: =IFERROR((H101/G101),0) -> 1.2925617 | L101: ВП №5 | M101: 65 | N101: ВП №5 | O101: 84.69
A102: ЦEМ II/B-K(З-И) 32,5H | B102: т | C102: ='01'!C102 -> 0 | D102: 0 | E102: 0 | F102: =IFERROR((E102/D102),0) -> 0 | G102: =D102+'02'!G102 -> 0 | H102: =E102+'02'!H102 -> 0 | I102: =IFERROR((H102/G102),0) -> 0
A103: AMD - 1000 | B103: т | C103: ='01'!C103 -> 11500 | D103: 345 | E103: 0 | F103: =IFERROR((E103/D103),0) -> 0 | G103: =D103+'02'!G103 -> 805 | H103: =E103+'02'!H103 -> 0 | I103: =IFERROR((H103/G103),0) -> 0
A104: ЦЕМ I 52.5Н | B104: т | C104: ='01'!C104 -> 127150 | D104: 4430 | E104: 3369.65 | F104: =IFERROR((E104/D104),0) -> 0.76064334 | G104: =D104+'02'!G104 -> 9614 | H104: =E104+'02'!H104 -> 11545.9 | I104: =IFERROR((H104/G104),0) -> 1.2009465
...

Sheet 04
A1: =CONCATENATE("Ежедневный отчет производства и отгрузки за 04 ",Q1) -> Ежедневный отчет производства и отгрузки за 04 август | Q1: август
Q2: 31
A3: Наименование | B3: ЕдИзм | C3: План на месяц | D3: Остатки на складе на начало месяца | E3: Производство/поступление | J3: Отгружено со склада/отпущено в производство/перемещение | L3: Остаток на складе на конец суток | M3: Акты ОКК о переводе марок/перемещение между складами | N3: Перемещения | O3: Комментарии
E4: план на сутки | F4: факт за сутки | G4: план с начала месяца | H4: факт с начала месяца | I4: % | J4: факт за сутки | K4: факт с начала месяца
A5: Клинкер всего | B5: т | C5: =C6+C9 -> 160800 | D5: =D6+D9+D8 -> 143025.21 | E5: =E6+E9 -> 6700 | F5: =F6+F9 -> 0 | G5: =G6+G9 -> 26800 | H5: =H6+H9 -> 16874.071 | I5: =IFERROR((H5/G5),0) -> 0.62962953 | J5: =J6+J9 -> 0 | K5: =K6+K9+K8 -> 17027.104 | L5: =L6+L9+L8 -> 142872.18
A6: Клинкер грейферный склад | B6: т | C6: ='01'!C6 -> 0 | D6: ='01'!D6 -> 15952.92 | E6: 0 | G6: =E6+'03'!G6 -> 0 | H6: =F6+'03'!H6 -> 0 | K6: =J6+'03'!K6 -> 0 | L6: =D6+H6-K6-M6-N6 -> 15952.92 | N6: 0
A7: Клинкер некондиция (шихта) | B7: т | D7: ='01'!D7 -> 0 | F7: 0 | H7: =F7+'03'!H7 -> 0 | K7: =J7+'03'!K7 -> 0 | L7: =D7+H7-K7-M7-N7 -> 0
A8: клинкер некондиционный склад БСУ | B8: т | D8: ='01'!D8 -> 0 | H8: =F8+'03'!H8 -> 0 | K8: =J8+'03'!K8 -> 0 | L8: =D8+H8-K8 -> 0
A9: Клинкер сухой линии в т.ч.: | B9: т | C9: ='01'!C9 -> 160800 | D9: ='01'!D9 -> 127072.29 | E9: 6700 | F9: =F10+F11+F12+F13 -> 0 | G9: =E9+'03'!G9 -> 26800 | H9: =F9+'03'!H9 -> 16874.071 | I9: =IFERROR((H9/G9),0) -> 0.62962953 | J9: =J10+J11+J12+J13 -> 0 | K9: =J9+'03'!K9 -> 17027.104 | L9: =D9+H9-K9+M9+N9 -> 126919.26 | N9: 0 | Q9: -23266.572 | R9: =J9-Q9 -> 23266.572
A10: клинкер в силосе | B10: т | D10: ='01'!D10 -> 56300.274 | F10: 0 | G10: =E10+'03'!G10 -> 0 | H10: =F10+'03'!H10 -> 16874.071 | J10: 0 | K10: =J10+'03'!K10 -> 17027.104 | L10: =D10+H10-K10+M10-N10 -> 56147.242
A11: Клинкер СС грейферный склад | B11: т | D11: ='01'!D11 -> 18224.017 | G11: =E11+'03'!G11 -> 0 | H11: =F11+'03'!H11 -> 0 | J11: 0 | K11: =J11+'03'!K11 -> 0 | L11: =D11+H11-K11+M11-N11 -> 18224.017
A12: клинкер на площадку (за шатровый склад) | B12: т | D12: ='01'!D12 -> 52548.003 | E12: =C12/31 -> 0 | G12: =E12+'03'!G12 -> 0 | H12: =F12+'03'!H12 -> 0 | I12: =IFERROR((H12/G12),0) -> 0 | K12: =J12+'03'!K12 -> 0 | L12: =D12+H12-K12+M12-N12 -> 52548.003
A13: клинкер на площадку (лессовый) | B13: т | D13: ='01'!D13 -> 0 | G13: =E13+'03'!G13 -> 0 | H13: =F13+'03'!H13 -> 0 | K13: =J13+'03'!K13 -> 0 | L13: =D13+H13-K13+M13-N13 -> 0
A14: Цемент в силосах всего, в том числе: | B14: т | C14: =SUM(C15:C21) -> 195040 | D14: ='01'!D14 -> 25904.614 | E14: =SUM(E15:E21) -> 6607 | F14: =SUM(F15:F21) -> 0 | G14: =SUM(G15:G21) -> 23010 | H14: =SUM(H15:H21) -> 18857.688 | I14: =IFERROR((H14/G14),0) -> 0.81954317 | J14: =SUM(J15:J21) -> 2251.62 | K14: =SUM(K15:K21) -> 18951.05 | L14: =SUM(L15:L21) -> 25811.253 | S14: Клинкер фактор | T14: =J5/F14 -> #DIV/0!
A15: ЦЕМ II/А-Г 32.5Н | B15: т | C15: ='01'!C15 -> 0 | D15: ='01'!D15 -> 0 | E15: 0 | G15: =E15+'03'!G15 -> 0 | H15: =F15+'03'!H15 -> 0 | I15: =IFERROR((H15/G15),0) -> 0 | J15: 0 | K15: =J15+'03'!K15 -> 0 | L15: =D15+H15-K15+M15 -> 0
A16: ЦEМ II/B-K(З-И) 42,5H | B16: т | C16: ='01'!C16 -> 44352 | D16: ='01'!D16 -> 6069.3573 | E16: 1502.4285 | F16: 0 | G16: =E16+'03'!G16 -> 5232.4627 | H16: =F16+'03'!H16 -> 3228.5002 | I16: =IFERROR((H16/G16),0) -> 0.61701352 | J16: =IFERROR(SUMIF(A101:A114,A16,E101:E114),0)+E111+E112+E113 -> 426.62 | K16: =J16+'03'!K16 -> 3320.85 | L16: =D16+H16-K16+M16 -> 5977.0075
A17: AMD - 1000 | B17: т | C17: ='01'!C17 -> 0 | D17: ='01'!D17 -> 483.2374 | E17: 0 | F17: 0 | G17: =E17+'03'!G17 -> 0 | H17: =F17+'03'!H17 -> 0 | I17: =IFERROR((H17/G17),0) -> 0 | J17: =IFERROR(SUMIF(A102:A115,A17,E102:E115),0)+E116+E119+E121+E114 -> 0 | K17: =J17+'03'!K17 -> 0 | L17: =D17+H17-K17+M17 -> 483.2374 | S17: Коэф. мука-клинкер | T17: =O51/F5 -> #DIV/0!
A18: ЦEМ II/B-K(З-И) 32,5H | B18: т | C18: ='01'!C18 -> 1360 | D18: ='01'!D18 -> 3183.2381 | F18: 0 | G18: =E18+'03'!G18 -> 0 | H18: =F18+'03'!H18 -> 0 | I18: =IFERROR((H18/G18),0) -> 0 | J18: =IFERROR(SUMIF(A102:A115,A18,E102:E115),0)+E118+E120 -> 0 | K18: =J18+'03'!K18 -> 0 | L18: =D18+H18-K18+M18 -> 3183.2381
A19: ='01'!A19 -> ЦЕМ I 52.5Н | B19: т | C19: ='01'!C19 -> 145770 | D19: ='01'!D19 -> 12764.734 | E19: 4937.9737 | F19: 0 | G19: =E19+'03'!G19 -> 17197.332 | H19: =F19+'03'!H19 -> 15629.188 | I19: =IFERROR((H19/G19),0) -> 0.90881468 | J19: =IFERROR(SUMIF(A102:A115,A19,E102:E115),0)+E117+E115+E122 -> 1568.05 | K19: =J19+'03'!K19 -> 14803.6 | L19: =D19+H19-K19+M19 -> 13590.322
A20: ЦЕМ I 42.5Н СС | B20: т | C20: ='01'!C20 -> 3558 | D20: ='01'!D20 -> 3404.048 | E20: 120.52761 | F20: 0 | G20: =E20+'03'!G20 -> 419.7579 | H20: =F20+'03'!H20 -> 0 | I20: =IFERROR((H20/G20),0) -> 0 | J20: =IFERROR(SUMIF(A102:A115,A20,E102:E115),0) -> 256.95 | K20: =J20+'03'!K20 -> 826.6 | L20: =D20+H20-K20+M20 -> 2577.448
A21: ='01'!A21 -> ЦЕМ I 42.5Н | B21: т | C21: ='01'!C21 -> 0 | D21: ='01'!D21 -> 8.7766239e-11 | E21: 46.070139 | F21: 0 | G21: =E21+'03'!G21 -> 160.44709 | H21: =F21+'03'!H21 -> 0 | I21: =IFERROR((H21/G21),0) -> 0 | J21: =IFERROR(SUMIF(A102:A115,A21,E102:E115),0) -> 0 | K21: =J21+'03'!K21 -> 0 | L21: =D21+H21-K21+M21 -> 8.7766239e-11
A22: AMD - 6 (навал) | C22: ='01'!C22 -> 1100 | D22: ='01'!D22 -> 2833.7506 | E22: 0 | F22: 0 | G22: =E22+'03'!G22 -> 0 | H22: =F22+'03'!H22 -> 2130.1045 | J22: =IFERROR(SUMIF(A103:A123,A22,E103:E123),0)+E109 -> 23.95 | K22: =J22+'03'!K22 -> 757.2 | L22: =D22+H22-K22+M22 -> 4206.6551
A23: Тара: МКР | B23: т | C23: ='01'!C23 -> 0 | D23: ='01'!D23 -> 52 | E23: 0 | F23: =SUM(F24:F29) -> 0 | G23: =E23+'03'!G23 -> 0 | H23: =SUM(H24:H29) -> 0 | I23: =IFERROR((H23/G23),0) -> 0 | J23: =SUM(J24:J29) -> 0 | K23: =J23+'03'!K23 -> 20 | L23: =D23+H23-K23+M23 -> 32
A24: ЦЕМ II/А-К (З-И) 42,5Н | B24: т | D24: ='01'!D24 -> 0 | F24: 0 | G24: =E24+'03'!G24 -> 0 | H24: =F24+'03'!H24 -> 0 | J24: 0 | K24: =J24+'03'!K24 -> 0 | L24: =D24+H24-K24+M24 -> 0
A25: ЦEМ II/B-K(З-И) 32,5H | B25: т | D25: ='01'!D25 -> 16 | F25: 0 | G25: =E25+'03'!G25 -> 0 | H25: =F25+'03'!H25 -> 0 | J25: 0 | K25: =J25+'03'!K25 -> 20 | L25: =D25+H25-K25+M25 -> -4
A26: ='01'!A26 -> ЦEМ I 52,5H Портландцемент (МКР) | B26: т | D26: ='01'!D26 -> 36 | F26: 0 | G26: =E26+'03'!G26 -> 0 | H26: =F26+'03'!H26 -> 0 | J26: 0 | K26: =J26+'03'!K26 -> 0 | L26: =D26+H26-K26+M26 -> 36
A27: ='01'!A27 -> ЦЕМ I 42.5Н | B27: т | D27: ='01'!D27 -> 0 | F27: 0 | G27: =E27+'03'!G27 -> 0 | H27: =F27+'03'!H27 -> 0 | K27: =J27+'03'!K27 -> 0 | L27: =D27+H27-K27+M27 -> 0
B28: т | F28: =J28 -> 0 | G28: =E28+'03'!G28 -> 0 | H28: =F28+'03'!H28 -> 0 | K28: =J28+'03'!K28 -> 0 | L28: =D28+H28-K28+M28 -> 0
B29: т | F29: =J29 -> 0 | G29: =E29+'03'!G29 -> 0 | H29: =F29+'03'!H29 -> 0 | K29: =J29+'03'!K29 -> 0 | L29: =D29+H29-K29+M29 -> 0
A30: Тара: паллеты | B30: т | D30: ='01'!D30 -> 1513.6 | F30: =SUM(F31:F37) -> 0 | G30: =E30+'03'!G30 -> 0 | H30: =SUM(H31:H37) -> 554.4 | I30: =IFERROR((H30/G30),0) -> 0 | J30: =SUM(J31:J37) -> 100.32 | K30: =J30+'03'!K30 -> 994.4 | L30: =D30+H30-K30+M30 -> 1073.6
A31: ЦЕМ II/А-К (З-И) 42,5Н | B31: т | D31: ='01'!D31 -> 0 | F31: 0 | G31: =E31+'03'!G31 -> 0 | H31: =F31+'03'!H31 -> 0 | J31: 0 | K31: =J31+'03'!K31 -> 0 | L31: =D31+H31-K31+M31 -> 0
A32: ЦEМ II/B-K(З-И) 42,5H | B32: т | D32: ='01'!D32 -> 1508.32 | F32: 0 | G32: =E32+'03'!G32 -> 0 | H32: =F32+'03'!H32 -> 554.4 | J32: 100.32 | K32: =J32+'03'!K32 -> 994.4 | L32: =D32+H32-K32+M32 -> 1068.32
A33: ='01'!A33 -> ЦЕМ I 52.5Н | B33: т | D33: ='01'!D33 -> 5.28 | F33: 0 | G33: =E33+'03'!G33 -> 0 | H33: =F33+'03'!H33 -> 0 | J33: 0 | K33: =J33+'03'!K33 -> 0 | L33: =D33+H33-K33+M33 -> 5.28
A34: ='01'!A34 -> ЦЕМ I 42.5Н | B34: т | D34: ='01'!D34 -> 0 | F34: 0 | G34: =E34+'03'!G34 -> 0 | H34: =F34+'03'!H34 -> 0 | K34: =J34+'03'!K34 -> 0 | L34: =D34+H34-K34+M34 -> 0
B35: т | F35: =J35 -> 0 | G35: =E35+'03'!G35 -> 0 | H35: =F35+'03'!H35 -> 0 | K35: =J35+'03'!K35 -> 0 | L35: =D35+H35-K35+M35 -> 0
A36: Песок природный | B36: т | C36: ='01'!C36 -> 3500 | D36: ='01'!D36 -> 1673.24 | F36: =J36 -> 0 | G36: =E36+'03'!G36 -> 0 | H36: =F36+'03'!H36 -> 0 | J36: 0 | K36: =J36+'03'!K36 -> 0 | L36: =D36+H36-K36+M36 -> 1673.24
A37: Щебень фракции 5-20 | B37: т | C37: ='01'!C37 -> 0 | D37: ='01'!D37 -> 294.64 | F37: =J37 -> 0 | G37: =E37+'03'!G37 -> 0 | H37: =F37+'03'!H37 -> 0 | J37: 0 | K37: =J37+'03'!K37 -> 0 | L37: =D37+H37-K37+M37 -> 294.64
A38: Известняк общий: | B38: т | C38: ='01'!C38 -> 153958.11 | D38: ='01'!D38 -> 1756.983 | E38: =C38/31 -> 4966.3906 | F38: =SUM(F39:F42) -> 0 | G38: =E38+'03'!G38 -> 19865.562 | H38: =F38+'03'!H38 -> 9132.5708 | I38: =IFERROR((H38/G38),0) -> 0.45971872 | J38: =SUM(J39:J40) -> 0 | K38: =J38+'03'!K38 -> 9083.5708 | L38: =D38+H38-K38 -> 1805.983
A39: известняк на шатровый склад | B39: т | F39: 0 | H39: =F39+'03'!H39 -> 6840.5708 | J39: =F39 -> 0 | K39: =J39+'03'!K39 -> 6840.5708 | L39: =D39+H39-K39 -> 0
A40: известняк на помол | B40: т | F40: 0 | H40: =F40+'03'!H40 -> 2292 | J40: 0 | K40: =J40+'03'!K40 -> 2243
A41: известняк на цемент мокрый | B41: т | H41: =F41+'03'!H41 -> 0 | K41: =J41+'03'!K41 -> 0
A42: известняк на цемент сухой | B42: т | H42: =F42+'03'!H42 -> 0 | K42: =J42+'03'!K42 -> 0
A43: Мергель | B43: т | C43: ='01'!C43 -> 96601.879 | E43: =C43/30 -> 3220.0626 | F43: 0 | G43: =E43+'03'!G43 -> 12880.251 | H43: =F43+'03'!H43 -> 8403.8 | I43: =IFERROR((H43/G43),0) -> 0.65245625 | J43: =F43 -> 0 | K43: =J43+'03'!K43 -> 8403.8 | L43: =D43+H43-K43 -> 0
A44: Глина (лёсс) всего: | B44: т | C44: ='01'!C44 -> 40846.933 | D44: ='01'!D44 -> 3759.4565 | E44: =C44/30 -> 1361.5644 | F44: 0 | G44: =E44+'03'!G44 -> 5446.2577 | H44: =F44+'03'!H44 -> 7255 | I44: =IFERROR((H44/G44),0) -> 1.3321074 | J44: 0 | K44: =J44+'03'!K44 -> 4780.2486 | L44: =D44+H44-K44 -> 6234.2079
A45: лесс на мокрый | F45: 0 | H45: =F45+'03'!H45 -> 0 | K45: =J45+'03'!K45 -> 0
A46: лесс на сухой | H46: =F46+'03'!H46 -> 0 | K46: =J46+'03'!K46 -> 0
A47: лесс корректировочный | H47: =F47+'03'!H47 -> 0 | K47: =J47+'03'!K47 -> 0
A48: Сырьевая смесь | B48: т | C48: ='01'!C48 -> 238663.47 | D48: ='01'!D48 -> 14554.972 | E48: =C48/30 -> 7955.4488 | F48: 0 | G48: =E48+'03'!G48 -> 31821.795 | H48: =F48+'03'!H48 -> 15244.371 | I48: =IFERROR((H48/G48),0) -> 0.47905439 | J48: 0 | K48: =J48+'03'!K48 -> 27730.382 | L48: =D48+H48-K48 -> 2068.961
A49: Сырьевая мука, в т.ч.: | B49: т | C49: =C50+C51 -> 256898.95 | D49: =D50+D51 -> 6890.392 | E49: =SUM(E50:E51) -> 11500 | F49: =SUM(F50:F51) -> 0 | G49: =SUM(G50:G51) -> 46000 | H49: =SUM(H50:H51) -> 32176.187 | I49: =IFERROR((H49/G49),0) -> 0.69948233 | J49: =SUM(J50:J51) -> 0 | K49: =J49+'03'!K49 -> 26069.181 | L49: =D49+H49-K49+M49 -> 12997.398
A50: Производства №1 | B50: т | C50: ='01'!C50 -> 0 | D50: ='01'!D50 -> 2323.23 | E50: 0 | G50: =E50+'03'!G50 -> 0 | H50: =F50+'03'!H50 -> 0 | I50: =IFERROR((H50/G50),0) -> 0 | K50: =J50+'03'!K50 -> 0 | L50: =D50+H50-K50+M50 -> 2323.23
A51: Производства №2 | B51: т | C51: ='01'!C51 -> 256898.95 | D51: ='01'!D51 -> 4567.162 | E51: 11500 | F51: 0 | G51: =E51+'03'!G51 -> 46000 | H51: =F51+'03'!H51 -> 32176.187 | I51: =IFERROR((H51/G51),0) -> 0.69948233 | J51: =O51-P51 -> 0 | K51: =J51+'03'!K51 -> 26069.181 | L51: =D51+H51-K51+M51 -> 10674.168 | O51: 0 | P51: =O51*0.055 -> 0 | Y51: гипс | Z51: =L54 -> 12209.579
A52: Покупное сырье всего, в т.ч.: | B52: т | C52: ='01'!C52 -> 0 | D52: ='01'!D52 -> 0 | Y52: огарка | Z52: =L55 -> 2640.604
A53: Глиеж | B53: т | C53: ='01'!C53 -> 0 | D53: ='01'!D53 -> 0 | E53: =C53/$Q$2 -> 0 | F53: 0 | G53: =E53+'03'!G53 -> 0 | H53: =F53+'03'!H53 -> 0 | I53: =IFERROR((H53/G53),0) -> 0 | K53: =J53+'03'!K53 -> 0 | L53: =D53+H53-K53 -> 0
A54: Гипс | B54: т | C54: ='01'!C54 -> 10000 | D54: ='01'!D54 -> 13684.916 | E54: =C54/$Q$2 -> 322.58065 | F54: 0 | G54: =E54+'03'!G54 -> 1290.3226 | H54: =F54+'03'!H54 -> 0 | I54: =IFERROR((H54/G54),0) -> 0 | J54: 0 | K54: =J54+'03'!K54 -> 1475.3367 | L54: =D54+H54-K54 -> 12209.579 | Y54: уголь | Z54: =L63 -> 5722.7924
A55: Добавки железосодержащие(Консенсус) | B55: т | C55: ='01'!C55 -> 17000 | D55: ='01'!D55 -> 3999.5666 | E55: =C55/$Q$2 -> 548.3871 | F55: 0 | G55: =E55+'03'!G55 -> 2193.5484 | H55: =F55+'03'!H55 -> 0 | I55: =IFERROR((H55/G55),0) -> 0 | J55: 0 | K55: =J55+'03'!K55 -> 1358.9626 | L55: =D55+H55-K55 -> 2640.604 | R55: =D55+H55-K55 -> 2640.604 | Y55: золошлак | Z55: =L58 -> 3480.6938
A56: Каолин | B56: т | C56: ='01'!C56 -> 0 | D56: ='01'!D56 -> 0 | E56: =C56/$Q$2 -> 0 | F56: 0 | G56: =E56+'03'!G56 -> 0 | H56: =F56+'03'!H56 -> 0 | I56: =IFERROR((H56/G56),0) -> 0 | K56: =J56+'03'!K56 -> 0 | L56: =D56+H56-K56 -> 0
A57: Фосфозол | B57: т | C57: ='01'!C57 -> 0 | D57: ='01'!D57 -> 178.075 | E57: =C57/$Q$2 -> 0 | F57: 0 | G57: =E57+'03'!G57 -> 0 | H57: =F57+'03'!H57 -> 0 | I57: =IFERROR((H57/G57),0) -> 0 | K57: =J57+'03'!K57 -> 0 | L57: =D57+H57-K57 -> 178.075 | Y57: песок | Z57: =L59 -> 4269.088
A58: Золошлак | B58: т | C58: ='01'!C58 -> 0 | D58: ='01'!D58 -> 3480.6938 | E58: =C58/$Q$2 -> 0 | F58: 0 | G58: =E58+'03'!G58 -> 0 | H58: =F58+'03'!H58 -> 0 | I58: =IFERROR((H58/G58),0) -> 0 | J58: 0 | K58: =J58+'03'!K58 -> 0 | L58: =D58+H58-K58 -> 3480.6938 | Y58: руда | Z58: =L62 -> 1531.725
A59: Песок мелкозернистый | B59: т | D59: ='01'!D59 -> 4269.088 | F59: 0 | H59: =F59+'03'!H59 -> 0 | K59: =J59+'03'!K59 -> 0 | L59: =D59+H59-K59 -> 4269.088
A60: Интенсификатор помола | B60: т | D60: ='01'!D60 -> 0 | H60: =F60+'03'!H60 -> 0 | K60: =J60+'03'!K60 -> 0 | L60: =D60+H60-K60 -> 0
A61: Вторичный цемент | B61: т | D61: ='01'!D61 -> 1063.653 | H61: =F61+'03'!H61 -> 0 | J61: =D139+D141 -> 0 | K61: =J61+'03'!K61 -> 0 | L61: =D61+H61-K61 -> 1063.653
A62: Железосодержащая руда | B62: т | D62: ='01'!D62 -> 1531.725 | F62: 0 | H62: =F62+'03'!H62 -> 0 | J62: 0 | K62: =J62+'03'!K62 -> 0 | L62: =D62+H62-K62 -> 1531.725
A63: Уголь каменный | B63: т | C63: ='01'!C63 -> 30000 | D63: =SUM(D64:D71) -> 4405.6172 | F63: 0 | H63: =F63+'03'!H63 -> 3329.15 | J63: 0 | K63: =J63+'03'!K63 -> 2011.9748 | L63: =D63+H63-K63 -> 5722.7924
A64: Уголь (Шубарколь премиум) | B64: т | D64: ='01'!D64 -> 452.58776 | H64: =F64+'03'!H64 -> 0 | K64: =J64+'03'!K64 -> 0 | L64: =D64+H64-K64 -> 452.58776
A65: Уголь (Izzatullo kamoli) | B65: т | D65: ='01'!D65 -> 0 | H65: =F65+'03'!H65 -> 0 | K65: =J65+'03'!K65 -> 0 | L65: =D65+H65-K65 -> 0
A66: Уголь Киргизия (D-G Logistic) | B66: т | D66: ='01'!D66 -> 0 | H66: =F66+'03'!H66 -> 0 | K66: =J66+'03'!K66 -> 0 | L66: =D66+H66-K66 -> 0
A67: Уголь Кара-жыра (Brandcoal) | B67: т | D67: ='01'!D67 -> 243.8 | H67: =F67+'03'!H67 -> 0 | K67: =J67+'03'!K67 -> 0 | L67: =D67+H67-K67 -> 243.8
A68: Уголь (Euro eco garden) | B68: т | D68: ='01'!D68 -> 0 | H68: =F68+'03'!H68 -> 0 | K68: =J68+'03'!K68 -> 0 | L68: =D68+H68-K68 -> 0
A69: Уголь (Komir Savdo Brand) | B69: т | D69: ='01'!D69 -> -14212.944 | H69: =F69+'03'!H69 -> 0 | J69: 0 | K69: =J69+'03'!K69 -> 2011.9748 | L69: =D69+H69-K69 -> -16224.919
A70: Уголь (Жалын кумир) | B70: т | D70: ='01'!D70 -> 17922.174 | F70: 0 | H70: =F70+'03'!H70 -> 3329.15 | K70: =J70+'03'!K70 -> 0 | L70: =D70+H70-K70 -> 21251.324
A71: Уголь (Shargun Komir) | B71: т | D71: ='01'!D71 -> 0 | H71: =F71+'03'!H71 -> 0 | K71: =J71+'03'!K71 -> 0 | L71: =D71+H71-K71 -> 0
A72: Форсуночное топливо | B72: т | D72: ='01'!D72 -> 145.84215 | F72: =N82 -> 0 | H72: =F72+'03'!H72 -> 1911.376 | J72: =K131 -> 0 | K72: =J72+'03'!K72 -> 1866.5616 | L72: =D72+H72-K72 -> 190.65658
A73: Дизельное топливо | D73: ='01'!D73 -> 0 | H73: =F73+'03'!H73 -> 0 | K73: =J73+'03'!K73 -> 0 | L73: =D73+H73-K73 -> 0
A77: Работа основного оборудования
A78: наименование | B78: ЕдИзм | C78: планируемая мощность | D78: факт за сутки | I78: факт с начала месяца | N78: Производства | P78: Комментарии
D79: фактическая мощность за сутки | E79: загрузка производственных мощностей | F79: время работы | G79: простой | H79: надежность | I79: фактическая мощность с начала месяца | J79: загрузка производственных мощностей | K79: время работы | L79: простой | M79: надежность | N79: факт за сутки | O79: факт с начала месяца | Q79: план сутки | R79: план с начала месяца
A80: Вращающаяся печь №1 | B80: т/ч | C80: ='01'!C80 -> 0 | D80: #DIV/0! | E80: =IFERROR(D80/C80,0) -> 0 | F80: 0 | G80: =24-F80 -> 24 | H80: =F80/24 -> 0 | I80: #DIV/0! | J80: =IFERROR(I80/C80,0) -> 0 | K80: 0 | L80: =24*4-K80 -> 96 | M80: =K80/(24*4) -> 0 | O80: =N80+'03'!O80 -> 0 | Q80: 125 | R80: 125
A81: Вращающаяся печь №2 | B81: т/ч | C81: ='01'!C81 -> 0 | D81: #DIV/0! | E81: =IFERROR(D81/C81,0) -> 0 | F81: 0 | G81: =24-F81 -> 24 | H81: =F81/24 -> 0 | I81: #DIV/0! | J81: =IFERROR(I81/C81,0) -> 0 | K81: 0 | L81: =24*4-K81 -> 96 | M81: =K81/(24*4) -> 0 | O81: =N81+'03'!O81 -> 0 | Q81: 127.08333 | R81: 127.08333
A82: Угольная мельница | B82: т/ч | C82: ='01'!C82 -> 45 | D82: =IFERROR(N82/F82,0) -> 0 | E82: =IFERROR(D82/C82,0) -> 0 | F82: 0 | G82: =24-F82 -> 24 | H82: =F82/24 -> 0 | I82: =IFERROR(O82/K82,0) -> 43.535461 | J82: =IFERROR(I82/C82,0) -> 0.96745469 | K82: =F82+'03'!K82 -> 43.903889 | L82: =24*4-K82 -> 52.096111 | M82: =K82/(24*4) -> 0.45733218 | N82: 0 | O82: =N82+'03'!O82 -> 1911.376 | Q82: 127.08333 | R82: 127.08333
A83: Сырьевая мельница ВВСМ №7 | B83: т/ч | C83: ='01'!C83 -> 500 | D83: =IFERROR(N83/F83,0) -> 0 | E83: =IFERROR(D83/C83,0) -> 0 | F83: 0 | G83: =24-F83 -> 24 | H83: =F83/24 -> 0 | I83: =IFERROR(O83/K83,0) -> 498.27193 | J83: =IFERROR(I83/C83,0) -> 0.99654387 | K83: =F83+'03'!K83 -> 64.575556 | L83: =G83+'03'!L83 -> 31.424444 | M83: =K83/(24*4) -> 0.67266204 | N83: 0 | O83: =N83+'03'!O83 -> 32176.187 | Q83: 127.08333 | R83: 127.08333
A84: Вращающаяся печь №5 | B84: т/ч | C84: ='01'!C84 -> 0 | D84: =IFERROR(N84/F84,0) -> 0 | E84: =IFERROR(D84/C84,0) -> 0 | F84: 0 | G84: =24-F84 -> 24 | H84: =F84/24 -> 0 | I84: =IFERROR(O84/K84,0) -> 259.69099 | J84: =IFERROR(I84/C84,0) -> 0 | K84: =F84+'03'!K84 -> 64.9775 | L84: =G84+'03'!L84 -> 31.0225 | M84: =K84/(24*4) -> 0.67684896 | N84: 0 | O84: =N84+'03'!O84 -> 16874.071 | Q84: 127.08333 | R84: 127.08333
A85: Цементная мельница №1 | B85: т/ч | C85: ='01'!C85 -> 0 | D85: =IFERROR(N85/F85,0) -> 0 | E85: =IFERROR(D85/C85,0) -> 0 | F85: 0 | G85: =24-F85 -> 24 | H85: =F85/24 -> 0 | I85: =IFERROR(O85/K85,0) -> 0 | J85: =IFERROR(I85/C85,0) -> 0 | K85: =F85+'03'!K85 -> 0 | L85: =G85+'03'!L85 -> 96 | M85: =K85/(24*4) -> 0 | N85: 0 | O85: =N85+'03'!O85 -> 0
A86: Цементная мельница №2 | B86: т/ч | C86: 37 | D86: =IFERROR(N86/F86,0) -> 0 | E86: =IFERROR(D86/C86,0) -> 0 | F86: 0 | G86: =24-F86 -> 24 | H86: =F86/24 -> 0 | I86: =IFERROR(O86/K86,0) -> 0 | J86: =IFERROR(I86/C86,0) -> 0 | K86: =F86+'02'!K86 -> 0 | L86: =G86+'02'!L86 -> 72 | M86: =K86/(24*3) -> 0 | N86: 0 | O86: =N86+'02'!O86 -> 0
A87: Цементная мельница №3 | B87: т/ч | C87: 37 | D87: =IFERROR(N87/F87,0) -> 0 | E87: =IFERROR(D87/C87,0) -> 0 | F87: 0 | G87: =24-F87 -> 24 | H87: =F87/24 -> 0 | I87: =IFERROR(O87/K87,0) -> 0 | J87: =IFERROR(I87/C87,0) -> 0 | K87: =F87+'02'!K87 -> 0 | L87: =G87+'02'!L87 -> 72 | M87: =K87/(24*3) -> 0 | N87: 0 | O87: =N87+'02'!O87 -> 0
A88: Цементная мельница №4 | B88: т/ч | C88: ='01'!C88 -> 0 | D88: =IFERROR(N88/F88,0) -> 0 | E88: =IFERROR(D88/C88,0) -> 0 | F88: 0 | G88: =24-F88 -> 24 | H88: =F88/24 -> 0 | I88: =IFERROR(O88/K88,0) -> 0 | J88: =IFERROR(I88/C88,0) -> 0 | K88: =F88+'02'!K88 -> 0 | L88: =G88+'02'!L88 -> 72 | M88: =K88/(24*3) -> 0 | N88: 0 | O88: =N88+'02'!O88 -> 0
A89: Цементная мельница ШЦМ №5 | B89: т/ч | C89: ='01'!C89 -> 47 | D89: =IFERROR(N89/F89,0) -> 0 | E89: =IFERROR(D89/C89,0) -> 0 | F89: 0 | G89: =24-F89 -> 24 | H89: =F89/24 -> 0 | I89: =IFERROR(O89/K89,0) -> 41.420861 | J89: =IFERROR(I89/C89,0) -> 0.88129491 | K89: =F89+'02'!K89 -> 1.695 | L89: =G89+'03'!L89 -> 94.305 | M89: =K89/(24*3) -> 0.023541667 | N89: 0 | O89: =N89+'02'!O89 -> 70.208359 | Q89: 0 | R89: 0
A90: Цементная мельница ШЦМ №6 | B90: т/ч | C90: ='01'!C90 -> 47 | D90: =IFERROR(N90/F90,0) -> 0 | E90: =IFERROR(D90/C90,0) -> 0 | F90: 0 | G90: =24-F90 -> 24 | H90: =F90/24 -> 0 | I90: =IFERROR(O90/K90,0) -> 48.591763 | J90: =IFERROR(I90/C90,0) -> 1.0338673 | K90: =F90+'03'!K90 -> 32.664167 | L90: =G90+'03'!L90 -> 63.335833 | M90: =K90/(24*3) -> 0.45366898 | N90: 0 | O90: =N90+'03'!O90 -> 1587.2095 | Q90: 0 | R90: 0
A91: Цементная мельница №7 | B91: т/ч | C91: ='01'!C91 -> 0 | D91: =IFERROR(N91/F91,0) -> 0 | E91: =IFERROR(D91/C91,0) -> 0 | F91: 0 | G91: =24-F91 -> 24 | H91: =F91/24 -> 0 | I91: =IFERROR(O91/K91,0) -> 0 | J91: =IFERROR(I91/C91,0) -> 0 | K91: =F91+'02'!K91 -> 0 | L91: =G91+'03'!L91 -> 96 | M91: =K91/(24*3) -> 0 | N91: 0 | O91: =N91+'02'!O91 -> 0 | Q91: 0 | R91: 0
A92: Цементная мельница ВВЦМ №1 | B92: т/ч | C92: ='01'!C92 -> 156.40497 | D92: =IFERROR(N92/F92,0) -> 0 | E92: =IFERROR(D92/C92,0) -> 0 | F92: 0 | G92: =24-F92 -> 24 | H92: =F92/24 -> 0 | I92: =IFERROR(O92/K92,0) -> 140.11317 | J92: =IFERROR(I92/C92,0) -> 0.89583582 | K92: =F92+'03'!K92 -> 71.521667 | L92: =G92+'03'!L92 -> 24.478333 | M92: =K92/(24*4) -> 0.74501736 | N92: 0 | O92: =N92+'03'!O92 -> 10021.127 | Q92: 0 | R92: 0
A93: Цементная мельница ВВЦМ №2 | B93: т/ч | C93: ='01'!C93 -> 153.20426 | D93: =IFERROR(N93/F93,0) -> 0 | E93: =IFERROR(D93/C93,0) -> 0 | F93: 0 | G93: =24-F93 -> 24 | H93: =F93/24 -> 0 | I93: =IFERROR(O93/K93,0) -> 144.80399 | J93: =IFERROR(I93/C93,0) -> 0.94516947 | K93: =F93+'03'!K93 -> 64.288611 | L93: =G93+'03'!L93 -> 31.711389 | M93: =K93/(24*4) -> 0.66967303 | N93: 0 | O93: =N93+'03'!O93 -> 9309.2475 | Q93: 0 | R93: 0
A94: Ротоупаковочная машина №1 | B94: т/ч | C94: ='01'!C94 -> 60 | D94: =IFERROR(N94/F94,0) -> 0 | E94: =IFERROR(D94/C94,0) -> 0 | G94: =24-F94 -> 24 | H94: =F94/24 -> 0 | I94: =IFERROR(O94/K94,0) -> 89.046875 | J94: =IFERROR(I94/C94,0) -> 1.4841146 | K94: =F94+'03'!K94 -> 32 | L94: =G94+'03'!L94 -> 64 | M94: =K94/(24*4) -> 0.33333333 | N94: =E111+E120+E121+E122 -> 267.3 | O94: =N94+'03'!O94 -> 2849.5 | Q94: 56 | R94: 56
A95: Ротоупаковочная машина №2 | B95: т/ч | D95: =IFERROR(N95/F95,0) -> 0 | E95: =IFERROR(D95/C95,0) -> 0 | G95: =24-F95 -> 24 | H95: =F95/24 -> 0 | I95: =IFERROR(O95/K95,0) -> 142.05714 | J95: =IFERROR(I95/C95,0) -> 0 | K95: =F95+'03'!K95 -> 7 | L95: =G95+'03'!L95 -> 89 | M95: =K95/(24*4) -> 0.072916667 | N95: =E112+E114+E115+E118+E119 -> 100.32 | O95: =N95+'03'!O95 -> 994.4
A96: Отгрузка
A97: наименование | B97: ЕдИзм | C97: план на месяц | D97: за сутки | G97: с начала месяца
D99: план | E99: факт | F99: % | G99: план | H99: факт | I99: % | J99: план | K99: откл | L99: с начала месяца | N99: с начала года
A100: ВСЕГО | B100: т | C100: =C101+C110 -> 196140 | D100: =D101+D111 -> 4871 | E100: =E101+E110 -> 2275.57 | F100: =IFERROR((E100/D100),0) -> 0.46716691 | G100: =G101+G110 -> 23135 | H100: =H101+H110 -> 19708.25 | I100: =IFERROR((H100/G100),0) -> 0.85188027 | M100: MTBF | O100: MTBF
A101: Навалом, в т.ч. | B101: т | C101: =SUM(C102:C109) -> 143308 | D101: =SUM(D102:D109) -> 4871 | E101: =SUM(E102:E109) -> 1907.95 | F101: =IFERROR((E101/D101),0) -> 0.39169575 | G101: =SUM(G102:G109) -> 15653 | H101: =SUM(H102:H109) -> 15844.35 | I101: =IFERROR((H101/G101),0) -> 1.0122245 | L101: ВП №5 | N101: ВП №5
A102: ЦEМ II/B-K(З-И) 32,5H | B102: т | C102: ='01'!C102 -> 0 | D102: 0 | E102: 0 | F102: =IFERROR((E102/D102),0) -> 0 | G102: =D102+'03'!G102 -> 0 | H102: =E102+'03'!H102 -> 0 | I102: =IFERROR((H102/G102),0) -> 0
A103: AMD - 1000 | B103: т | C103: ='01'!C103 -> 11500 | D103: 295 | E103: 0 | F103: =IFERROR((E103/D103),0) -> 0 | G103: =D103+'03'!G103 -> 1100 | H103: =E103+'03'!H103 -> 0 | I103: =IFERROR((H103/G103),0) -> 0
A104: ЦЕМ I 52.5Н | B104: т | C104: ='01'!C104 -> 127150 | D104: 4414 | E104: 1434.35 | F104: =IFERROR((E104/D104),0) -> 0.32495469 | G104: =D104+'03'!G104 -> 14028 | H104: =E104+'03'!H104 -> 12980.25 | I104: =IFERROR((H104/G104),0) -> 0.92531009
...

Sheet 05
A1: =CONCATENATE("Ежедневный отчет производства и отгрузки за 05 ",Q1) -> Ежедневный отчет производства и отгрузки за 05 август | Q1: август
Q2: 31
A3: Наименование | B3: ЕдИзм | C3: План на месяц | D3: Остатки на складе на начало месяца | E3: Производство/поступление | J3: Отгружено со склада/отпущено в производство/перемещение | L3: Остаток на складе на конец суток | M3: Акты ОКК о переводе марок/перемещение между складами | N3: Перемещения | O3: Комментарии
E4: план на сутки | F4: факт за сутки | G4: план с начала месяца | H4: факт с начала месяца | I4: % | J4: факт за сутки | K4: факт с начала месяца
A5: Клинкер всего | B5: т | C5: =C6+C9 -> 160800 | D5: =D6+D9+D8 -> 143025.21 | E5: =E6+E9 -> 6700 | F5: =F6+F9 -> 0 | G5: =G6+G9 -> 33500 | H5: =H6+H9 -> 16874.071 | I5: =IFERROR((H5/G5),0) -> 0.50370362 | J5: =J6+J9 -> 0 | K5: =K6+K9+K8 -> 17027.104 | L5: =L6+L9+L8 -> 142872.18
A6: Клинкер грейферный склад | B6: т | C6: ='01'!C6 -> 0 | D6: ='01'!D6 -> 15952.92 | E6: 0 | G6: =E6+'04'!G6 -> 0 | H6: =F6+'04'!H6 -> 0 | K6: =J6+'04'!K6 -> 0 | L6: =D6+H6-K6-M6-N6 -> 15952.92 | N6: 0
A7: Клинкер некондиция (шихта) | B7: т | D7: ='01'!D7 -> 0 | F7: 0 | H7: =F7+'04'!H7 -> 0 | K7: =J7+'04'!K7 -> 0 | L7: =D7+H7-K7-M7-N7 -> 0
A8: клинкер некондиционный склад БСУ | B8: т | D8: ='01'!D8 -> 0 | H8: =F8+'04'!H8 -> 0 | K8: =J8+'04'!K8 -> 0 | L8: =D8+H8-K8 -> 0
A9: Клинкер сухой линии в т.ч.: | B9: т | C9: ='01'!C9 -> 160800 | D9: ='01'!D9 -> 127072.29 | E9: 6700 | F9: =F10+F11+F12+F13 -> 0 | G9: =E9+'04'!G9 -> 33500 | H9: =F9+'04'!H9 -> 16874.071 | I9: =IFERROR((H9/G9),0) -> 0.50370362 | J9: =J10+J11+J12+J13 -> 0 | K9: =J9+'04'!K9 -> 17027.104 | L9: =D9+H9-K9+M9+N9 -> 126919.26 | N9: 0 | Q9: -23266.572 | R9: =J9-Q9 -> 23266.572
A10: клинкер в силосе | B10: т | D10: ='01'!D10 -> 56300.274 | F10: 0 | G10: =E10+'04'!G10 -> 0 | H10: =F10+'04'!H10 -> 16874.071 | J10: 0 | K10: =J10+'04'!K10 -> 17027.104 | L10: =D10+H10-K10+M10-N10 -> 56147.242
A11: Клинкер СС грейферный склад | B11: т | D11: ='01'!D11 -> 18224.017 | G11: =E11+'04'!G11 -> 0 | H11: =F11+'04'!H11 -> 0 | J11: 0 | K11: =J11+'04'!K11 -> 0 | L11: =D11+H11-K11+M11-N11 -> 18224.017
A12: клинкер на площадку (за шатровый склад) | B12: т | D12: ='01'!D12 -> 52548.003 | E12: =C12/31 -> 0 | G12: =E12+'04'!G12 -> 0 | H12: =F12+'04'!H12 -> 0 | I12: =IFERROR((H12/G12),0) -> 0 | K12: =J12+'04'!K12 -> 0 | L12: =D12+H12-K12+M12-N12 -> 52548.003
A13: клинкер на площадку (лессовый) | B13: т | D13: ='01'!D13 -> 0 | H13: =F13+'04'!H13 -> 0 | K13: =J13+'04'!K13 -> 0 | L13: =D13+H13-K13+M13-N13 -> 0
A14: Цемент в силосах всего, в том числе: | B14: т | C14: =SUM(C15:C21) -> 195040 | D14: ='01'!D14 -> 25904.614 | E14: =SUM(E15:E21) -> 6749 | F14: =SUM(F15:F21) -> 0 | G14: =SUM(G15:G21) -> 29759 | H14: =SUM(H15:H21) -> 18857.688 | I14: =IFERROR((H14/G14),0) -> 0.63368017 | J14: =SUM(J15:J21) -> 0 | K14: =SUM(K15:K21) -> 18951.05 | L14: =SUM(L15:L21) -> 25811.253 | S14: Клинкер фактор | T14: =J5/F14 -> #DIV/0!
A15: ЦЕМ II/А-Г 32.5Н | B15: т | C15: ='01'!C15 -> 0 | D15: ='01'!D15 -> 0 | E15: 0 | F15: 0 | G15: =E15+'04'!G15 -> 0 | H15: =F15+'04'!H15 -> 0 | I15: =IFERROR((H15/G15),0) -> 0 | J15: 0 | K15: =J15+'04'!K15 -> 0 | L15: =D15+H15-K15+M15 -> 0
A16: ЦEМ II/B-K(З-И) 42,5H | B16: т | C16: ='01'!C16 -> 44352 | D16: ='01'!D16 -> 6069.3573 | E16: 1534.7193 | F16: 0 | G16: =E16+'04'!G16 -> 6767.182 | H16: =F16+'04'!H16 -> 3228.5002 | I16: =IFERROR((H16/G16),0) -> 0.47708193 | J16: =IFERROR(SUMIF(A101:A114,A16,E101:E114),0)+E111+E112+E113 -> 0 | K16: =J16+'04'!K16 -> 3320.85 | L16: =D16+H16-K16+M16 -> 5977.0075
A17: AMD - 1000 | B17: т | C17: ='01'!C17 -> 0 | D17: ='01'!D17 -> 483.2374 | E17: 0 | F17: 0 | G17: =E17+'04'!G17 -> 0 | H17: =F17+'04'!H17 -> 0 | I17: =IFERROR((H17/G17),0) -> 0 | J17: =IFERROR(SUMIF(A102:A115,A17,E102:E115),0)+E116+E119+E121+E114 -> 0 | K17: =J17+'04'!K17 -> 0 | L17: =D17+H17-K17+M17 -> 483.2374 | S17: Коэф. мука-клинкер | T17: =O51/F5 -> #DIV/0!
A18: ЦEМ II/B-K(З-И) 32,5H | B18: т | C18: ='01'!C18 -> 1360 | D18: ='01'!D18 -> 3183.2381 | G18: =E18+'04'!G18 -> 0 | H18: =F18+'04'!H18 -> 0 | I18: =IFERROR((H18/G18),0) -> 0 | J18: =IFERROR(SUMIF(A102:A115,A18,E102:E115),0)+E118+E120 -> 0 | K18: =J18+'04'!K18 -> 0 | L18: =D18+H18-K18+M18 -> 3183.2381
A19: ='01'!A19 -> ЦЕМ I 52.5Н | B19: т | C19: ='01'!C19 -> 145770 | D19: ='01'!D19 -> 12764.734 | E19: 5044.1024 | F19: 0 | G19: =E19+'04'!G19 -> 22241.435 | H19: =F19+'04'!H19 -> 15629.188 | I19: =IFERROR((H19/G19),0) -> 0.70270593 | J19: =IFERROR(SUMIF(A102:A115,A19,E102:E115),0)+E117+E115+E122 -> 0 | K19: =J19+'04'!K19 -> 14803.6 | L19: =D19+H19-K19+M19 -> 13590.322
A20: ЦЕМ I 42.5Н СС | B20: т | C20: ='01'!C20 -> 3558 | D20: ='01'!D20 -> 3404.048 | E20: 123.11804 | F20: 0 | G20: =E20+'04'!G20 -> 542.87593 | H20: =F20+'04'!H20 -> 0 | I20: =IFERROR((H20/G20),0) -> 0 | J20: =IFERROR(SUMIF(A102:A115,A20,E102:E115),0) -> 0 | K20: =J20+'04'!K20 -> 826.6 | L20: =D20+H20-K20+M20 -> 2577.448
A21: ='01'!A21 -> ЦЕМ I 42.5Н | B21: т | C21: ='01'!C21 -> 0 | D21: ='01'!D21 -> 8.7766239e-11 | E21: 47.060295 | F21: 0 | G21: =E21+'04'!G21 -> 207.50738 | H21: =F21+'04'!H21 -> 0 | I21: =IFERROR((H21/G21),0) -> 0 | J21: =IFERROR(SUMIF(A102:A115,A21,E102:E115),0) -> 0 | K21: =J21+'04'!K21 -> 0 | L21: =D21+H21-K21+M21 -> 8.7766239e-11
A22: AMD - 6 (навал) | C22: ='01'!C22 -> 1100 | D22: ='01'!D22 -> 2833.7506 | E22: 0 | F22: 0 | G22: =E22+'04'!G22 -> 0 | H22: =F22+'04'!H22 -> 2130.1045 | J22: =IFERROR(SUMIF(A103:A123,A22,E103:E123),0)+E109 -> 0 | K22: =J22+'04'!K22 -> 757.2 | L22: =D22+H22-K22+M22 -> 4206.6551
A23: Тара: МКР | B23: т | C23: ='01'!C23 -> 0 | D23: ='01'!D23 -> 52 | E23: 0 | F23: =SUM(F24:F29) -> 0 | G23: =E23+'04'!G23 -> 0 | H23: =SUM(H24:H29) -> 0 | I23: =IFERROR((H23/G23),0) -> 0 | J23: =SUM(J24:J29) -> 0 | K23: =J23+'04'!K23 -> 20 | L23: =D23+H23-K23+M23 -> 32
A24: ЦЕМ II/А-К (З-И) 42,5Н | B24: т | D24: ='01'!D24 -> 0 | F24: 0 | G24: =E24+'04'!G24 -> 0 | H24: =F24+'04'!H24 -> 0 | J24: 0 | K24: =J24+'04'!K24 -> 0 | L24: =D24+H24-K24+M24 -> 0
A25: ЦEМ II/B-K(З-И) 32,5H | B25: т | D25: ='01'!D25 -> 16 | F25: 0 | G25: =E25+'04'!G25 -> 0 | H25: =F25+'04'!H25 -> 0 | J25: 0 | K25: =J25+'04'!K25 -> 20 | L25: =D25+H25-K25+M25 -> -4
A26: ='01'!A26 -> ЦEМ I 52,5H Портландцемент (МКР) | B26: т | D26: ='01'!D26 -> 36 | F26: 0 | G26: =E26+'04'!G26 -> 0 | H26: =F26+'04'!H26 -> 0 | J26: 0 | K26: =J26+'04'!K26 -> 0 | L26: =D26+H26-K26+M26 -> 36
A27: ='01'!A27 -> ЦЕМ I 42.5Н | B27: т | D27: ='01'!D27 -> 0 | F27: 0 | G27: =E27+'04'!G27 -> 0 | H27: =F27+'04'!H27 -> 0 | K27: =J27+'04'!K27 -> 0 | L27: =D27+H27-K27+M27 -> 0
B28: т | F28: =J28 -> 0 | G28: =E28+'04'!G28 -> 0 | H28: =F28+'04'!H28 -> 0 | K28: =J28+'04'!K28 -> 0 | L28: =D28+H28-K28+M28 -> 0
B29: т | F29: =J29 -> 0 | G29: =E29+'04'!G29 -> 0 | H29: =F29+'04'!H29 -> 0 | K29: =J29+'04'!K29 -> 0 | L29: =D29+H29-K29+M29 -> 0
A30: Тара: паллеты | B30: т | D30: ='01'!D30 -> 1513.6 | F30: =SUM(F31:F37) -> 0 | G30: =E30+'04'!G30 -> 0 | H30: =SUM(H31:H37) -> 554.4 | I30: =IFERROR((H30/G30),0) -> 0 | J30: =SUM(J31:J37) -> 0 | K30: =J30+'04'!K30 -> 994.4 | L30: =D30+H30-K30+M30 -> 1073.6
A31: ЦЕМ II/А-К (З-И) 42,5Н | B31: т | D31: ='01'!D31 -> 0 | F31: 0 | G31: =E31+'04'!G31 -> 0 | H31: =F31+'04'!H31 -> 0 | J31: 0 | K31: =J31+'04'!K31 -> 0 | L31: =D31+H31-K31+M31 -> 0
A32: ЦEМ II/B-K(З-И) 42,5H | B32: т | D32: ='01'!D32 -> 1508.32 | F32: 0 | G32: =E32+'04'!G32 -> 0 | H32: =F32+'04'!H32 -> 554.4 | J32: 0 | K32: =J32+'04'!K32 -> 994.4 | L32: =D32+H32-K32+M32 -> 1068.32
A33: ='01'!A33 -> ЦЕМ I 52.5Н | B33: т | D33: ='01'!D33 -> 5.28 | F33: 0 | G33: =E33+'04'!G33 -> 0 | H33: =F33+'04'!H33 -> 0 | J33: 0 | K33: =J33+'04'!K33 -> 0 | L33: =D33+H33-K33+M33 -> 5.28
A34: ='01'!A34 -> ЦЕМ I 42.5Н | B34: т | D34: ='01'!D34 -> 0 | F34: 0 | G34: =E34+'04'!G34 -> 0 | H34: =F34+'04'!H34 -> 0 | K34: =J34+'04'!K34 -> 0 | L34: =D34+H34-K34+M34 -> 0
B35: т | F35: =J35 -> 0 | G35: =E35+'04'!G35 -> 0 | H35: =F35+'04'!H35 -> 0 | K35: =J35+'04'!K35 -> 0 | L35: =D35+H35-K35+M35 -> 0
A36: Песок природный | B36: т | C36: ='01'!C36 -> 3500 | D36: ='01'!D36 -> 1673.24 | F36: =J36 -> 0 | G36: =E36+'04'!G36 -> 0 | H36: =F36+'04'!H36 -> 0 | J36: 0 | K36: =J36+'04'!K36 -> 0 | L36: =D36+H36-K36+M36 -> 1673.24
A37: Щебень фракции 5-20 | B37: т | C37: ='01'!C37 -> 0 | D37: ='01'!D37 -> 294.64 | F37: =J37 -> 0 | G37: =E37+'04'!G37 -> 0 | H37: =F37+'04'!H37 -> 0 | J37: 0 | K37: =J37+'04'!K37 -> 0 | L37: =D37+H37-K37+M37 -> 294.64
A38: Известняк общий: | B38: т | C38: ='01'!C38 -> 153958.11 | D38: ='01'!D38 -> 1756.983 | E38: =C38/31 -> 4966.3906 | F38: =SUM(F39:F42) -> 0 | G38: =E38+'04'!G38 -> 24831.953 | H38: =F38+'04'!H38 -> 9132.5708 | I38: =IFERROR((H38/G38),0) -> 0.36777497 | J38: =SUM(J39:J40) -> 0 | K38: =J38+'04'!K38 -> 9083.5708 | L38: =D38+H38-K38 -> 1805.983
A39: известняк на шатровый склад | B39: т | F39: 0 | H39: =F39+'04'!H39 -> 6840.5708 | J39: =F39 -> 0 | K39: =J39+'04'!K39 -> 6840.5708 | U39: -2130.1045
A40: известняк на помол | B40: т | F40: 0 | H40: =F40+'04'!H40 -> 2292 | J40: 0 | K40: =J40+'04'!K40 -> 2243
A41: известняк на цемент мокрый | B41: т | H41: =F41+'04'!H41 -> 0 | K41: =J41+'04'!K41 -> 0
A42: известняк на цемент сухой | B42: т | H42: =F42+'04'!H42 -> 0 | K42: =J42+'04'!K42 -> 0
A43: Мергель | B43: т | C43: ='01'!C43 -> 96601.879 | E43: =C43/30 -> 3220.0626 | F43: 0 | G43: =E43+'04'!G43 -> 16100.313 | H43: =F43+'04'!H43 -> 8403.8 | I43: =IFERROR((H43/G43),0) -> 0.521965 | J43: =F43 -> 0 | K43: =J43+'04'!K43 -> 8403.8 | L43: =D43+H43-K43 -> 0
A44: Глина (лёсс) всего: | B44: т | C44: ='01'!C44 -> 40846.933 | D44: ='01'!D44 -> 3759.4565 | E44: =C44/30 -> 1361.5644 | F44: 0 | G44: =E44+'04'!G44 -> 6807.8222 | H44: =F44+'04'!H44 -> 7255 | I44: =IFERROR((H44/G44),0) -> 1.0656859 | J44: 0 | K44: =J44+'04'!K44 -> 4780.2486 | L44: =D44+H44-K44 -> 6234.2079
A45: лесс на мокрый | F45: 0 | H45: =F45+'04'!H45 -> 0 | K45: =J45+'04'!K45 -> 0
A46: лесс на сухой | H46: =F46+'04'!H46 -> 0 | K46: =J46+'04'!K46 -> 0
A47: лесс корректировочный | H47: =F47+'04'!H47 -> 0 | K47: =J47+'04'!K47 -> 0
A48: Сырьевая смесь | B48: т | C48: ='01'!C48 -> 238663.47 | D48: ='01'!D48 -> 14554.972 | E48: =C48/30 -> 7955.4488 | F48: 0 | G48: =E48+'04'!G48 -> 39777.244 | H48: =F48+'04'!H48 -> 15244.371 | I48: =IFERROR((H48/G48),0) -> 0.38324351 | J48: 0 | K48: =J48+'04'!K48 -> 27730.382 | L48: =D48+H48-K48 -> 2068.961
A49: Сырьевая мука, в т.ч.: | B49: т | C49: =C50+C51 -> 256898.95 | D49: =D50+D51 -> 6890.392 | E49: =SUM(E50:E51) -> 11500 | F49: =SUM(F50:F51) -> 0 | G49: =SUM(G50:G51) -> 57500 | H49: =SUM(H50:H51) -> 32176.187 | I49: =IFERROR((H49/G49),0) -> 0.55958586 | J49: =SUM(J50:J51) -> 0 | K49: =SUM(K50:K51) -> 26069.181 | L49: =D49+H49-K49+M49 -> 12997.398
A50: Производства №1 | B50: т | C50: ='01'!C50 -> 0 | D50: ='01'!D50 -> 2323.23 | E50: 0 | G50: =E50+'04'!G50 -> 0 | H50: =F50+'04'!H50 -> 0 | I50: =IFERROR((H50/G50),0) -> 0 | K50: =J50+'04'!K50 -> 0 | L50: =D50+H50-K50+M50 -> 2323.23
A51: Производства №2 | B51: т | C51: ='01'!C51 -> 256898.95 | D51: ='01'!D51 -> 4567.162 | E51: 11500 | F51: 0 | G51: =E51+'04'!G51 -> 57500 | H51: =F51+'04'!H51 -> 32176.187 | I51: =IFERROR((H51/G51),0) -> 0.55958586 | J51: =O51-P51 -> 0 | K51: =J51+'04'!K51 -> 26069.181 | L51: =D51+H51-K51+M51 -> 10674.168 | O51: 0 | P51: =O51*0.055 -> 0 | Y51: гипс | Z51: =L54 -> 12209.579
A52: Покупное сырье всего, в т.ч.: | B52: т | C52: ='01'!C52 -> 0 | D52: ='01'!D52 -> 0 | Y52: огарка | Z52: =L55 -> 2640.604
A53: Глиеж | B53: т | C53: ='01'!C53 -> 0 | D53: ='01'!D53 -> 0 | E53: =C53/$Q$2 -> 0 | F53: 0 | G53: =E53+'04'!G53 -> 0 | H53: =F53+'04'!H53 -> 0 | I53: =IFERROR((H53/G53),0) -> 0 | K53: =J53+'04'!K53 -> 0 | L53: =D53+H53-K53 -> 0
A54: Гипс | B54: т | C54: ='01'!C54 -> 10000 | D54: ='01'!D54 -> 13684.916 | E54: =C54/$Q$2 -> 322.58065 | F54: 0 | G54: =E54+'04'!G54 -> 1612.9032 | H54: =F54+'04'!H54 -> 0 | I54: =IFERROR((H54/G54),0) -> 0 | J54: 0 | K54: =J54+'04'!K54 -> 1475.3367 | L54: =D54+H54-K54 -> 12209.579 | Y54: уголь | Z54: =L63 -> 5722.7924
A55: Добавки железосодержащие(Консенсус) | B55: т | C55: ='01'!C55 -> 17000 | D55: ='01'!D55 -> 3999.5666 | E55: =C55/$Q$2 -> 548.3871 | F55: 0 | G55: =E55+'04'!G55 -> 2741.9355 | H55: =F55+'04'!H55 -> 0 | I55: =IFERROR((H55/G55),0) -> 0 | J55: 0 | K55: =J55+'04'!K55 -> 1358.9626 | L55: =D55+H55-K55 -> 2640.604 | R55: =D55+H55-K55 -> 2640.604 | Y55: золошлак | Z55: =L58 -> 3480.6938
A56: Каолин | B56: т | C56: ='01'!C56 -> 0 | D56: ='01'!D56 -> 0 | E56: =C56/$Q$2 -> 0 | F56: 0 | G56: =E56+'04'!G56 -> 0 | H56: =F56+'04'!H56 -> 0 | I56: =IFERROR((H56/G56),0) -> 0 | K56: =J56+'04'!K56 -> 0 | L56: =D56+H56-K56 -> 0
A57: Фосфозол | B57: т | C57: ='01'!C57 -> 0 | D57: ='01'!D57 -> 178.075 | E57: =C57/$Q$2 -> 0 | F57: 0 | G57: =E57+'04'!G57 -> 0 | H57: =F57+'04'!H57 -> 0 | I57: =IFERROR((H57/G57),0) -> 0 | K57: =J57+'04'!K57 -> 0 | L57: =D57+H57-K57 -> 178.075 | Y57: песок | Z57: =L59 -> 4269.088
A58: Золошлак | B58: т | C58: ='01'!C58 -> 0 | D58: ='01'!D58 -> 3480.6938 | E58: =C58/$Q$2 -> 0 | F58: 0 | G58: =E58+'04'!G58 -> 0 | H58: =F58+'04'!H58 -> 0 | I58: =IFERROR((H58/G58),0) -> 0 | J58: 0 | K58: =J58+'04'!K58 -> 0 | L58: =D58+H58-K58 -> 3480.6938 | Y58: руда | Z58: =L62 -> 1531.725
A59: Песок мелкозернистый | B59: т | D59: ='01'!D59 -> 4269.088 | F59: 0 | H59: =F59+'04'!H59 -> 0 | K59: =J59+'04'!K59 -> 0 | L59: =D59+H59-K59 -> 4269.088
A60: Интенсификатор помола | B60: т | D60: ='01'!D60 -> 0 | H60: =F60+'04'!H60 -> 0 | K60: =J60+'04'!K60 -> 0 | L60: =D60+H60-K60 -> 0
A61: Вторичный цемент | B61: т | D61: ='01'!D61 -> 1063.653 | H61: =F61+'04'!H61 -> 0 | J61: =D139+D141 -> 0 | K61: =J61+'04'!K61 -> 0 | L61: =D61+H61-K61 -> 1063.653
A62: Железосодержащая руда | B62: т | D62: ='01'!D62 -> 1531.725 | F62: 0 | H62: =F62+'04'!H62 -> 0 | J62: 0 | K62: =J62+'04'!K62 -> 0 | L62: =D62+H62-K62 -> 1531.725
A63: Уголь каменный | B63: т | C63: ='01'!C63 -> 30000 | D63: =SUM(D64:D71) -> 4405.6172 | F63: 0 | H63: =F63+'04'!H63 -> 3329.15 | J63: 0 | K63: =J63+'04'!K63 -> 2011.9748 | L63: =D63+H63-K63 -> 5722.7924
A64: Уголь (Шубарколь премиум) | B64: т | D64: ='01'!D64 -> 452.58776 | H64: =F64+'04'!H64 -> 0 | K64: =J64+'04'!K64 -> 0 | L64: =D64+H64-K64 -> 452.58776
A65: Уголь (Izzatullo kamoli) | B65: т | D65: ='01'!D65 -> 0 | H65: =F65+'04'!H65 -> 0 | K65: =J65+'04'!K65 -> 0 | L65: =D65+H65-K65 -> 0
A66: Уголь Киргизия (D-G Logistic) | B66: т | D66: ='01'!D66 -> 0 | H66: =F66+'04'!H66 -> 0 | K66: =J66+'04'!K66 -> 0 | L66: =D66+H66-K66 -> 0
A67: Уголь Кара-жыра (Brandcoal) | B67: т | D67: ='01'!D67 -> 243.8 | H67: =F67+'04'!H67 -> 0 | K67: =J67+'04'!K67 -> 0 | L67: =D67+H67-K67 -> 243.8
A68: Уголь (Euro eco garden) | B68: т | D68: ='01'!D68 -> 0 | H68: =F68+'04'!H68 -> 0 | K68: =J68+'04'!K68 -> 0 | L68: =D68+H68-K68 -> 0
A69: Уголь (Komir Savdo Brand) | B69: т | D69: ='01'!D69 -> -14212.944 | F69: 0 | H69: =F69+'04'!H69 -> 0 | J69: 0 | K69: =J69+'04'!K69 -> 2011.9748 | L69: =D69+H69-K69 -> -16224.919
A70: Уголь (Жалын кумир) | B70: т | D70: ='01'!D70 -> 17922.174 | H70: =F70+'04'!H70 -> 3329.15 | K70: =J70+'04'!K70 -> 0 | L70: =D70+H70-K70 -> 21251.324
A71: Уголь (Shargun Komir) | B71: т | D71: ='01'!D71 -> 0 | H71: =F71+'04'!H71 -> 0 | K71: =J71+'04'!K71 -> 0 | L71: =D71+H71-K71 -> 0
A72: Форсуночное топливо | B72: т | D72: ='01'!D72 -> 145.84215 | F72: =N82 -> 0 | H72: =F72+'04'!H72 -> 1911.376 | J72: =K131 -> 0 | K72: =J72+'04'!K72 -> 1866.5616 | L72: =D72+H72-K72 -> 190.65658
A73: Дизельное топливо | D73: ='01'!D73 -> 0 | H73: =F73+'04'!H73 -> 0 | K73: =J73+'04'!K73 -> 0 | L73: =D73+H73-K73 -> 0
A77: Работа основного оборудования
A78: наименование | B78: ЕдИзм | C78: планируемая мощность | D78: факт за сутки | I78: факт с начала месяца | N78: Производства | P78: Комментарии
D79: фактическая мощность за сутки | E79: загрузка производственных мощностей | F79: время работы | G79: простой | H79: надежность | I79: фактическая мощность с начала месяца | J79: загрузка производственных мощностей | K79: время работы | L79: простой | M79: надежность | N79: факт за сутки | O79: факт с начала месяца | Q79: план сутки | R79: план с начала месяца
A80: Вращающаяся печь №1 | B80: т/ч | C80: ='01'!C80 -> 0 | D80: #DIV/0! | E80: =IFERROR(D80/C80,0) -> 0 | F80: 0 | G80: =24-F80 -> 24 | H80: =F80/24 -> 0 | I80: #DIV/0! | J80: =IFERROR(I80/C80,0) -> 0 | K80: 0 | L80: =24*5-K80 -> 120 | M80: =K80/(24*5) -> 0 | O80: =N80+'04'!O80 -> 0 | Q80: 125 | R80: 125
A81: Вращающаяся печь №2 | B81: т/ч | C81: ='01'!C81 -> 0 | D81: #DIV/0! | E81: =IFERROR(D81/C81,0) -> 0 | F81: 0 | G81: =24-F81 -> 24 | H81: =F81/24 -> 0 | I81: #DIV/0! | J81: =IFERROR(I81/C81,0) -> 0 | K81: 0 | L81: =24*5-K81 -> 120 | M81: =K81/(24*5) -> 0 | O81: =N81+'04'!O81 -> 0 | Q81: 127.08333 | R81: 127.08333
A82: Угольная мельница | B82: т/ч | C82: ='01'!C82 -> 45 | D82: =IFERROR(N82/F82,0) -> 0 | E82: =IFERROR(D82/C82,0) -> 0 | F82: 0 | G82: =24-F82 -> 24 | H82: =F82/24 -> 0 | I82: =IFERROR(O82/K82,0) -> 43.535461 | J82: =IFERROR(I82/C82,0) -> 0.96745469 | K82: =F82+'04'!K82 -> 43.903889 | L82: =24*5-K82 -> 76.096111 | M82: =K82/(24*5) -> 0.36586574 | N82: 0 | O82: =N82+'04'!O82 -> 1911.376 | Q82: 127.08333 | R82: 127.08333
A83: Сырьевая мельница ВВСМ №7 | B83: т/ч | C83: ='01'!C83 -> 500 | D83: =IFERROR(N83/F83,0) -> 0 | E83: =IFERROR(D83/C83,0) -> 0 | F83: 0 | G83: =24-F83 -> 24 | H83: =F83/24 -> 0 | I83: =IFERROR(O83/K83,0) -> 498.27193 | J83: =IFERROR(I83/C83,0) -> 0.99654387 | K83: =F83+'04'!K83 -> 64.575556 | L83: =G83+'04'!L83 -> 55.424444 | M83: =K83/(24*5) -> 0.53812963 | N83: 0 | O83: =N83+'04'!O83 -> 32176.187 | Q83: 127.08333 | R83: 127.08333
A84: Вращающаяся печь №5 | B84: т/ч | C84: ='01'!C84 -> 0 | D84: =IFERROR(N84/F84,0) -> 0 | E84: =IFERROR(D84/C84,0) -> 0 | F84: 0 | G84: =24-F84 -> 24 | H84: =F84/24 -> 0 | I84: =IFERROR(O84/K84,0) -> 259.69099 | J84: =IFERROR(I84/C84,0) -> 0 | K84: =F84+'04'!K84 -> 64.9775 | L84: =G84+'04'!L84 -> 55.0225 | M84: =K84/(24*5) -> 0.54147917 | N84: 0 | O84: =N84+'04'!O84 -> 16874.071 | Q84: 127.08333 | R84: 127.08333
A85: ='01'!A85 -> Цементная мельница №1 | B85: т/ч | C85: ='01'!C85 -> 0 | D85: =IFERROR(N85/F85,0) -> 0 | E85: =IFERROR(D85/C85,0) -> 0 | F85: 0 | G85: =24-F85 -> 24 | H85: =F85/24 -> 0 | I85: =IFERROR(O85/K85,0) -> 0 | J85: =IFERROR(I85/C85,0) -> 0 | K85: =F85+'04'!K85 -> 0 | L85: =G85+'04'!L85 -> 120 | M85: =K85/(24*5) -> 0 | N85: 0 | O85: =N85+'04'!O85 -> 0
A86: ='01'!A86 -> Цементная мельница №2 | B86: т/ч | C86: ='01'!C86 -> 0 | D86: =IFERROR(N86/F86,0) -> 0 | E86: =IFERROR(D86/C86,0) -> 0 | F86: 0 | G86: =24-F86 -> 24 | H86: =F86/24 -> 0 | I86: =IFERROR(O86/K86,0) -> 0 | J86: =IFERROR(I86/C86,0) -> 0 | K86: =F86+'04'!K86 -> 0 | L86: =G86+'04'!L86 -> 96 | M86: =K86/(24*5) -> 0 | N86: 0 | O86: =N86+'04'!O86 -> 0
A87: ='01'!A87 -> Цементная мельница №3 | B87: т/ч | C87: ='01'!C87 -> 0 | D87: =IFERROR(N87/F87,0) -> 0 | E87: =IFERROR(D87/C87,0) -> 0 | F87: 0 | G87: =24-F87 -> 24 | H87: =F87/24 -> 0 | I87: =IFERROR(O87/K87,0) -> 0 | J87: =IFERROR(I87/C87,0) -> 0 | K87: =F87+'04'!K87 -> 0 | L87: =G87+'04'!L87 -> 96 | M87: =K87/(24*5) -> 0 | N87: 0 | O87: =N87+'04'!O87 -> 0
A88: ='01'!A88 -> Цементная мельница №4 | B88: т/ч | C88: ='01'!C88 -> 0 | D88: =IFERROR(N88/F88,0) -> 0 | E88: =IFERROR(D88/C88,0) -> 0 | F88: 0 | G88: =24-F88 -> 24 | H88: =F88/24 -> 0 | I88: =IFERROR(O88/K88,0) -> 0 | J88: =IFERROR(I88/C88,0) -> 0 | K88: =F88+'04'!K88 -> 0 | L88: =G88+'04'!L88 -> 96 | M88: =K88/(24*5) -> 0 | N88: 0 | O88: =N88+'04'!O88 -> 0
A89: Цементная мельница ШЦМ №5 | B89: т/ч | C89: ='01'!C89 -> 47 | D89: =IFERROR(N89/F89,0) -> 0 | E89: =IFERROR(D89/C89,0) -> 0 | F89: 0 | G89: =24-F89 -> 24 | H89: =F89/24 -> 0 | I89: =IFERROR(O89/K89,0) -> 41.420861 | J89: =IFERROR(I89/C89,0) -> 0.88129491 | K89: =F89+'04'!K89 -> 1.695 | L89: =G89+'04'!L89 -> 118.305 | M89: =K89/(24*5) -> 0.014125 | N89: 0 | O89: =N89+'04'!O89 -> 70.208359 | Q89: 0 | R89: 0
A90: Цементная мельница ШЦМ №6 | B90: т/ч | C90: ='01'!C90 -> 47 | D90: =IFERROR(N90/F90,0) -> 0 | E90: =IFERROR(D90/C90,0) -> 0 | F90: 0 | G90: =24-F90 -> 24 | H90: =F90/24 -> 0 | I90: =IFERROR(O90/K90,0) -> 48.591763 | J90: =IFERROR(I90/C90,0) -> 1.0338673 | K90: =F90+'04'!K90 -> 32.664167 | L90: =G90+'04'!L90 -> 87.335833 | M90: =K90/(24*5) -> 0.27220139 | N90: 0 | O90: =N90+'04'!O90 -> 1587.2095 | Q90: 0 | R90: 0
A91: Цементная мельница №7 | B91: т/ч | C91: ='01'!C91 -> 0 | D91: =IFERROR(N91/F91,0) -> 0 | E91: =IFERROR(D91/C91,0) -> 0 | F91: 0 | G91: =24-F91 -> 24 | H91: =F91/24 -> 0 | I91: =IFERROR(O91/K91,0) -> 0 | J91: =IFERROR(I91/C91,0) -> 0 | K91: =F91+'04'!K91 -> 0 | L91: =G91+'04'!L91 -> 120 | M91: =K91/(24*5) -> 0 | N91: 0 | O91: =N91+'04'!O91 -> 0 | Q91: 0 | R91: 0
A92: Цементная мельница ВВЦМ №1 | B92: т/ч | C92: ='01'!C92 -> 156.40497 | D92: =IFERROR(N92/F92,0) -> 0 | E92: =IFERROR(D92/C92,0) -> 0 | F92: 0 | G92: =24-F92 -> 24 | H92: =F92/24 -> 0 | I92: =IFERROR(O92/K92,0) -> 140.11317 | J92: =IFERROR(I92/C92,0) -> 0.89583582 | K92: =F92+'04'!K92 -> 71.521667 | L92: =G92+'04'!L92 -> 48.478333 | M92: =K92/(24*5) -> 0.59601389 | N92: 0 | O92: =N92+'04'!O92 -> 10021.127 | Q92: 0 | R92: 0
A93: Цементная мельница ВВЦМ №2 | B93: т/ч | C93: ='01'!C93 -> 153.20426 | D93: =IFERROR(N93/F93,0) -> 0 | E93: =IFERROR(D93/C93,0) -> 0 | F93: 0 | G93: =24-F93 -> 24 | H93: =F93/24 -> 0 | I93: =IFERROR(O93/K93,0) -> 144.80399 | J93: =IFERROR(I93/C93,0) -> 0.94516947 | K93: =F93+'04'!K93 -> 64.288611 | L93: =G93+'04'!L93 -> 55.711389 | M93: =K93/(24*5) -> 0.53573843 | N93: 0 | O93: =N93+'04'!O93 -> 9309.2475 | Q93: 0 | R93: 0
A94: Ротоупаковочная машина №1 | B94: т/ч | C94: ='01'!C94 -> 60 | D94: =IFERROR(N94/F94,0) -> 0 | E94: =IFERROR(D94/C94,0) -> 0 | G94: =24-F94 -> 24 | H94: =F94/24 -> 0 | I94: =IFERROR(O94/K94,0) -> 89.046875 | J94: =IFERROR(I94/C94,0) -> 1.4841146 | K94: =F94+'04'!K94 -> 32 | L94: =G94+'04'!L94 -> 88 | M94: =K94/(24*5) -> 0.26666667 | N94: =E111+E120+E121+E122 -> 0 | O94: =N94+'04'!O94 -> 2849.5 | Q94: 56 | R94: 56
A95: Ротоупаковочная машина №2 | B95: т/ч | D95: =IFERROR(N95/F95,0) -> 0 | E95: =IFERROR(D95/C95,0) -> 0 | G95: =24-F95 -> 24 | H95: =F95/24 -> 0 | I95: =IFERROR(O95/K95,0) -> 142.05714 | J95: =IFERROR(I95/C95,0) -> 0 | K95: =F95+'04'!K95 -> 7 | L95: =G95+'04'!L95 -> 113 | M95: =K95/(24*5) -> 0.058333333 | N95: =E112+E114+E115+E118+E119 -> 0 | O95: =N95+'04'!O95 -> 994.4
A96: Отгрузка
A97: наименование | B97: ЕдИзм | C97: план на месяц | D97: за сутки | G97: с начала месяца
D99: план | E99: факт | F99: % | G99: план | H99: факт | I99: % | J99: план | K99: откл | L99: с начала месяца | N99: с начала года
A100: ВСЕГО | B100: т | C100: =C101+C110 -> 196140 | D100: =D101+D111 -> 4953 | E100: =E101+E110 -> 0 | F100: =IFERROR((E100/D100),0) -> 0 | G100: =G101+G110 -> 29909 | H100: =H101+H110 -> 19708.25 | I100: =IFERROR((H100/G100),0) -> 0.65894045 | M100: MTBF | O100: MTBF
A101: Навалом, в т.ч. | B101: т | C101: =SUM(C102:C109) -> 143308 | D101: =SUM(D102:D109) -> 4953 | E101: =SUM(E102:E109) -> 0 | F101: =IFERROR((E101/D101),0) -> 0 | G101: =SUM(G102:G109) -> 20606 | H101: =SUM(H102:H109) -> 15844.35 | I101: =IFERROR((H101/G101),0) -> 0.76891925 | L101: ВП №5 | N101: ВП №5
A102: ЦEМ II/B-K(З-И) 32,5H | B102: т | C102: ='01'!C102 -> 0 | D102: 0 | E102: 0 | F102: =IFERROR((E102/D102),0) -> 0 | G102: =D102+'04'!G102 -> 0 | H102: =E102+'04'!H102 -> 0 | I102: =IFERROR((H102/G102),0) -> 0
A103: AMD - 1000 | B103: т | C103: ='01'!C103 -> 11500 | D103: 395 | E103: 0 | F103: =IFERROR((E103/D103),0) -> 0 | G103: =D103+'04'!G103 -> 1495 | H103: =E103+'04'!H103 -> 0 | I103: =IFERROR((H103/G103),0) -> 0
A104: ЦЕМ I 52.5Н | B104: т | C104: ='01'!C104 -> 127150 | D104: 4370 | E104: 0 | F104: =IFERROR((E104/D104),0) -> 0 | G104: =D104+'04'!G104 -> 18398 | H104: =E104+'04'!H104 -> 12980.25 | I104: =IFERROR((H104/G104),0) -> 0.70552506
...

Sheet 06
A1: =CONCATENATE("Ежедневный отчет производства и отгрузки за 06 ",Q1) -> Ежедневный отчет производства и отгрузки за 06 август | Q1: август
Q2: 31
A3: Наименование | B3: ЕдИзм | C3: План на месяц | D3: Остатки на складе на начало месяца | E3: Производство/поступление | J3: Отгружено со склада/отпущено в производство/перемещение | L3: Остаток на складе на конец суток | M3: Акты ОКК о переводе марок/перемещение между складами | N3: Перемещения | O3: Комментарии
E4: план на сутки | F4: факт за сутки | G4: план с начала месяца | H4: факт с начала месяца | I4: % | J4: факт за сутки | K4: факт с начала месяца
A5: Клинкер всего | B5: т | C5: =C6+C9 -> 160800 | D5: =D6+D9+D8 -> 143025.21 | E5: =E6+E9 -> 6700 | F5: =F6+F9 -> 0 | G5: =G6+G9 -> 40200 | H5: =H6+H9 -> 16874.071 | I5: =IFERROR((H5/G5),0) -> 0.41975302 | J5: =J6+J9 -> 0 | K5: =K6+K9+K8 -> 17027.104 | L5: =L6+L9+L8 -> 142872.18
A6: Клинкер грейферный склад | B6: т | C6: ='01'!C6 -> 0 | D6: ='01'!D6 -> 15952.92 | E6: 0 | F6: 6671.6154 | G6: =E6+'05'!G6 -> 0 | H6: =F6+'05'!H6 -> 6671.6154 | K6: =J6+'05'!K6 -> 0 | L6: =D6+H6-K6-M6-N6 -> 22624.535 | N6: 0
A7: Клинкер некондиция (шихта) | B7: т | D7: ='01'!D7 -> 0 | F7: 0 | H7: =F7+'05'!H7 -> 0 | K7: =J7+'05'!K7 -> 0 | L7: =D7+H7-K7-M7-N7 -> 0
A8: клинкер некондиционный склад БСУ | B8: т | D8: ='01'!D8 -> 0 | H8: =F8+'05'!H8 -> 0 | K8: =J8+'05'!K8 -> 0 | L8: =D8+H8-K8 -> 0
A9: Клинкер сухой линии в т.ч.: | B9: т | C9: ='01'!C9 -> 160800 | D9: ='01'!D9 -> 127072.29 | E9: 6700 | F9: =F10+F11+F8+F12+F13 -> -6671.6154 | G9: =E9+'05'!G9 -> 40200 | H9: =F9+'05'!H9 -> 10202.456 | I9: =IFERROR((H9/G9),0) -> 0.25379244 | J9: =J10+J11+J12+J13 -> 0 | K9: =J9+'05'!K9 -> 17027.104 | L9: =D9+H9-K9+M9+N9 -> 120247.65 | N9: 0 | Q9: -23266.572 | R9: =J9-Q9 -> 23266.572
A10: клинкер в силосе | B10: т | D10: ='01'!D10 -> 56300.274 | F10: -6671.6154 | G10: =E10+'05'!G10 -> 0 | H10: =F10+'05'!H10 -> 10202.456 | J10: 0 | K10: =J10+'05'!K10 -> 17027.104 | L10: =D10+H10-K10+M10-N10 -> 49475.626
A11: Клинкер СС грейферный склад | B11: т | D11: ='01'!D11 -> 18224.017 | G11: =E11+'05'!G11 -> 0 | H11: =F11+'05'!H11 -> 0 | J11: 0 | K11: =J11+'05'!K11 -> 0 | L11: =D11+H11-K11+M11-N11 -> 18224.017
A12: клинкер на площадку (за шатровый склад) | B12: т | D12: ='01'!D12 -> 52548.003 | E12: =C12/31 -> 0 | G12: =E12+'05'!G12 -> 0 | H12: =F12+'05'!H12 -> 0 | I12: =IFERROR((H12/G12),0) -> 0 | K12: =J12+'05'!K12 -> 0 | L12: =D12+H12-K12+M12-N12 -> 52548.003
A13: клинкер на площадку (лессовый) | B13: т | D13: ='01'!D13 -> 0 | H13: =F13+'05'!H13 -> 0 | K13: =J13+'05'!K13 -> 0 | L13: =D13+H13-K13+M13-N13 -> 0
A14: Цемент в силосах всего, в том числе: | B14: т | C14: =SUM(C15:C21) -> 195040 | D14: ='01'!D14 -> 25904.614 | E14: =SUM(E15:E21) -> 6759 | F14: =SUM(F15:F21) -> 0 | G14: =SUM(G15:G21) -> 36518 | H14: =SUM(H15:H21) -> 18857.688 | I14: =IFERROR((H14/G14),0) -> 0.51639433 | J14: =SUM(J15:J21) -> 0 | K14: =SUM(K15:K21) -> 18951.05 | L14: =SUM(L15:L21) -> 25811.253 | S14: Клинкер фактор | T14: =J5/F14 -> #DIV/0!
A15: ЦЕМ II/А-Г 32.5Н | B15: т | C15: ='01'!C15 -> 0 | D15: ='01'!D15 -> 0 | E15: 0 | F15: 0 | G15: =E15+'05'!G15 -> 0 | H15: =F15+'05'!H15 -> 0 | I15: =IFERROR((H15/G15),0) -> 0 | J15: 0 | K15: =J15+'05'!K15 -> 0 | L15: =D15+H15-K15+M15 -> 0
A16: ЦEМ II/B-K(З-И) 42,5H | B16: т | C16: ='01'!C16 -> 44352 | D16: ='01'!D16 -> 6069.3573 | E16: 1536.9933 | F16: 0 | G16: =E16+'05'!G16 -> 8304.1752 | H16: =F16+'05'!H16 -> 3228.5002 | I16: =IFERROR((H16/G16),0) -> 0.38878036 | J16: =IFERROR(SUMIF(A101:A114,A16,E101:E114),0)+E111+E112+E113 -> 0 | K16: =J16+'05'!K16 -> 3320.85 | L16: =D16+H16-K16+M16 -> 5977.0075
A17: AMD - 1000 | B17: т | C17: ='01'!C17 -> 0 | D17: ='01'!D17 -> 483.2374 | E17: 0 | F17: 0 | G17: =E17+'05'!G17 -> 0 | H17: =F17+'05'!H17 -> 0 | I17: =IFERROR((H17/G17),0) -> 0 | J17: =IFERROR(SUMIF(A102:A115,A17,E102:E115),0)+E116+E119+E121+E114 -> 0 | K17: =J17+'05'!K17 -> 0 | L17: =D17+H17-K17+M17 -> 483.2374 | S17: Коэф. мука-клинкер | T17: =O51/F5 -> #DIV/0!
A18: ЦEМ II/B-K(З-И) 32,5H | B18: т | C18: ='01'!C18 -> 1360 | D18: ='01'!D18 -> 3183.2381 | G18: =E18+'05'!G18 -> 0 | H18: =F18+'05'!H18 -> 0 | I18: =IFERROR((H18/G18),0) -> 0 | J18: =IFERROR(SUMIF(A102:A115,A18,E102:E115),0)+E118+E120 -> 0 | K18: =J18+'05'!K18 -> 0 | L18: =D18+H18-K18+M18 -> 3183.2381
A19: ='01'!A19 -> ЦЕМ I 52.5Н | B19: т | C19: ='01'!C19 -> 145770 | D19: ='01'!D19 -> 12764.734 | E19: 5051.5762 | F19: 0 | G19: =E19+'05'!G19 -> 27293.011 | H19: =F19+'05'!H19 -> 15629.188 | I19: =IFERROR((H19/G19),0) -> 0.57264433 | J19: =IFERROR(SUMIF(A102:A115,A19,E102:E115),0)+E117+E115+E122 -> 0 | K19: =J19+'05'!K19 -> 14803.6 | L19: =D19+H19-K19+M19 -> 13590.322
A20: ЦЕМ I 42.5Н СС | B20: т | C20: ='01'!C20 -> 3558 | D20: ='01'!D20 -> 3404.048 | E20: 123.30046 | F20: 0 | G20: =E20+'05'!G20 -> 666.17639 | H20: =F20+'05'!H20 -> 0 | I20: =IFERROR((H20/G20),0) -> 0 | J20: =IFERROR(SUMIF(A102:A115,A20,E102:E115),0) -> 0 | K20: =J20+'05'!K20 -> 826.6 | L20: =D20+H20-K20+M20 -> 2577.448
A21: ='01'!A21 -> ЦЕМ I 42.5Н | B21: т | C21: ='01'!C21 -> 0 | D21: ='01'!D21 -> 8.7766239e-11 | E21: 47.130025 | F21: 0 | G21: =E21+'05'!G21 -> 254.63741 | H21: =F21+'05'!H21 -> 0 | I21: =IFERROR((H21/G21),0) -> 0 | J21: =IFERROR(SUMIF(A102:A115,A21,E102:E115),0) -> 0 | K21: =J21+'05'!K21 -> 0 | L21: =D21+H21-K21+M21 -> 8.7766239e-11
A22: AMD - 6 (навал) | C22: ='01'!C22 -> 1100 | D22: ='01'!D22 -> 2833.7506 | E22: 0 | F22: 0 | G22: =E22+'05'!G22 -> 0 | H22: =F22+'05'!H22 -> 2130.1045 | J22: =IFERROR(SUMIF(A103:A123,A22,E103:E123),0)+E109 -> 0 | K22: =J22+'05'!K22 -> 757.2 | L22: =D22+H22-K22+M22 -> 4206.6551
A23: Тара: МКР | B23: т | C23: ='01'!C23 -> 0 | D23: ='01'!D23 -> 52 | E23: 0 | F23: =SUM(F24:F29) -> 0 | G23: =E23+'05'!G23 -> 0 | H23: =SUM(H24:H29) -> 0 | I23: =IFERROR((H23/G23),0) -> 0 | J23: =SUM(J24:J29) -> 0 | K23: =J23+'05'!K23 -> 20 | L23: =D23+H23-K23+M23 -> 32
A24: ЦЕМ II/А-К (З-И) 42,5Н | B24: т | D24: ='01'!D24 -> 0 | F24: 0 | G24: =E24+'05'!G24 -> 0 | H24: =F24+'05'!H24 -> 0 | J24: 0 | K24: =J24+'05'!K24 -> 0 | L24: =D24+H24-K24+M24 -> 0
A25: ЦEМ II/B-K(З-И) 32,5H | B25: т | D25: ='01'!D25 -> 16 | F25: 0 | G25: =E25+'05'!G25 -> 0 | H25: =F25+'05'!H25 -> 0 | J25: 0 | K25: =J25+'05'!K25 -> 20 | L25: =D25+H25-K25+M25 -> -4
A26: ='01'!A26 -> ЦEМ I 52,5H Портландцемент (МКР) | B26: т | D26: ='01'!D26 -> 36 | F26: 0 | G26: =E26+'05'!G26 -> 0 | H26: =F26+'05'!H26 -> 0 | J26: 0 | K26: =J26+'05'!K26 -> 0 | L26: =D26+H26-K26+M26 -> 36
A27: ='01'!A27 -> ЦЕМ I 42.5Н | B27: т | D27: ='01'!D27 -> 0 | F27: 0 | G27: =E27+'05'!G27 -> 0 | H27: =F27+'05'!H27 -> 0 | K27: =J27+'05'!K27 -> 0 | L27: =D27+H27-K27+M27 -> 0
B28: т | F28: =J28 -> 0 | G28: =E28+'05'!G28 -> 0 | H28: =F28+'05'!H28 -> 0 | K28: =J28+'05'!K28 -> 0 | L28: =D28+H28-K28+M28 -> 0
B29: т | F29: =J29 -> 0 | G29: =E29+'05'!G29 -> 0 | H29: =F29+'05'!H29 -> 0 | K29: =J29+'05'!K29 -> 0 | L29: =D29+H29-K29+M29 -> 0
A30: Тара: паллеты | B30: т | D30: ='01'!D30 -> 1513.6 | F30: =SUM(F31:F37) -> 0 | G30: =E30+'05'!G30 -> 0 | H30: =SUM(H31:H37) -> 554.4 | I30: =IFERROR((H30/G30),0) -> 0 | J30: =SUM(J31:J37) -> 0 | K30: =J30+'05'!K30 -> 994.4 | L30: =D30+H30-K30+M30 -> 1073.6
A31: ЦЕМ II/А-К (З-И) 42,5Н | B31: т | D31: ='01'!D31 -> 0 | F31: 0 | G31: =E31+'05'!G31 -> 0 | H31: =F31+'05'!H31 -> 0 | J31: 0 | K31: =J31+'05'!K31 -> 0 | L31: =D31+H31-K31+M31 -> 0
A32: ЦEМ II/B-K(З-И) 42,5H | B32: т | D32: ='01'!D32 -> 1508.32 | F32: 0 | G32: =E32+'05'!G32 -> 0 | H32: =F32+'05'!H32 -> 554.4 | J32: 0 | K32: =J32+'05'!K32 -> 994.4 | L32: =D32+H32-K32+M32 -> 1068.32
A33: ='01'!A33 -> ЦЕМ I 52.5Н | B33: т | D33: ='01'!D33 -> 5.28 | F33: 0 | G33: =E33+'05'!G33 -> 0 | H33: =F33+'05'!H33 -> 0 | J33: 0 | K33: =J33+'05'!K33 -> 0 | L33: =D33+H33-K33+M33 -> 5.28
A34: ='01'!A34 -> ЦЕМ I 42.5Н | B34: т | D34: ='01'!D34 -> 0 | F34: 0 | G34: =E34+'05'!G34 -> 0 | H34: =F34+'05'!H34 -> 0 | K34: =J34+'05'!K34 -> 0 | L34: =D34+H34-K34+M34 -> 0
B35: т | F35: =J35 -> 0 | G35: =E35+'05'!G35 -> 0 | H35: =F35+'05'!H35 -> 0 | K35: =J35+'05'!K35 -> 0 | L35: =D35+H35-K35+M35 -> 0
A36: Песок природный | B36: т | C36: ='01'!C36 -> 3500 | D36: ='01'!D36 -> 1673.24 | F36: =J36 -> 0 | G36: =E36+'05'!G36 -> 0 | H36: =F36+'05'!H36 -> 0 | J36: 0 | K36: =J36+'05'!K36 -> 0 | L36: =D36+H36-K36+M36 -> 1673.24
A37: Щебень фракции 5-20 | B37: т | C37: ='01'!C37 -> 0 | D37: ='01'!D37 -> 294.64 | F37: =J37 -> 0 | G37: =E37+'05'!G37 -> 0 | H37: =F37+'05'!H37 -> 0 | J37: 0 | K37: =J37+'05'!K37 -> 0 | L37: =D37+H37-K37+M37 -> 294.64
A38: Известняк общий: | B38: т | C38: ='01'!C38 -> 153958.11 | D38: ='01'!D38 -> 1756.983 | E38: =C38/31 -> 4966.3906 | F38: =SUM(F39:F42) -> 0 | G38: =E38+'05'!G38 -> 29798.343 | H38: =F38+'05'!H38 -> 9132.5708 | I38: =IFERROR((H38/G38),0) -> 0.30647914 | J38: =SUM(J39:J40) -> 0 | K38: =J38+'05'!K38 -> 9083.5708 | L38: =D38+H38-K38 -> 1805.983
A39: известняк на шатровый склад | B39: т | F39: 0 | H39: =F39+'05'!H39 -> 6840.5708 | J39: =F39 -> 0 | K39: =J39+'05'!K39 -> 6840.5708
A40: известняк на помол | B40: т | F40: 0 | H40: =F40+'05'!H40 -> 2292 | J40: 0 | K40: =J40+'05'!K40 -> 2243
A41: известняк на цемент мокрый | B41: т | H41: =F41+'05'!H41 -> 0 | K41: =J41+'05'!K41 -> 0
A42: известняк на цемент сухой | B42: т | H42: =F42+'05'!H42 -> 0 | K42: =J42+'05'!K42 -> 0
A43: Мергель | B43: т | C43: ='01'!C43 -> 96601.879 | E43: =C43/30 -> 3220.0626 | F43: 0 | G43: =E43+'05'!G43 -> 19320.376 | H43: =F43+'05'!H43 -> 8403.8 | I43: =IFERROR((H43/G43),0) -> 0.43497084 | J43: =F43 -> 0 | K43: =J43+'05'!K43 -> 8403.8 | L43: =D43+H43-K43 -> 0
A44: Глина (лёсс) всего: | B44: т | C44: ='01'!C44 -> 40846.933 | D44: ='01'!D44 -> 3759.4565 | E44: =C44/30 -> 1361.5644 | F44: 0 | G44: =E44+'05'!G44 -> 8169.3866 | H44: =F44+'05'!H44 -> 7255 | I44: =IFERROR((H44/G44),0) -> 0.88807157 | J44: 0 | K44: =J44+'05'!K44 -> 4780.2486 | L44: =D44+H44-K44 -> 6234.2079
A45: лесс на мокрый | F45: 0 | H45: =F45+'05'!H45 -> 0 | K45: =J45+'05'!K45 -> 0
A46: лесс на сухой | H46: =F46+'05'!H46 -> 0 | K46: =J46+'05'!K46 -> 0
A47: лесс корректировочный | H47: =F47+'05'!H47 -> 0 | K47: =J47+'05'!K47 -> 0
A48: Сырьевая смесь | B48: т | C48: ='01'!C48 -> 238663.47 | D48: ='01'!D48 -> 14554.972 | E48: =C48/30 -> 7955.4488 | F48: 0 | G48: =E48+'05'!G48 -> 47732.693 | H48: =F48+'05'!H48 -> 15244.371 | I48: =IFERROR((H48/G48),0) -> 0.31936959 | J48: 0 | K48: =J48+'05'!K48 -> 27730.382 | L48: =D48+H48-K48 -> 2068.961
A49: Сырьевая мука, в т.ч.: | B49: т | C49: =C50+C51 -> 256898.95 | D49: =D50+D51 -> 6890.392 | E49: =SUM(E50:E51) -> 6000 | F49: =SUM(F50:F51) -> 0 | G49: =SUM(G50:G51) -> 63500 | H49: =SUM(H50:H51) -> 32176.187 | I49: =IFERROR((H49/G49),0) -> 0.50671161 | J49: =SUM(J50:J51) -> 0 | K49: =SUM(K50:K51) -> 26069.181 | L49: =D49+H49-K49+M49 -> 12997.398
A50: Производства №1 | B50: т | C50: ='01'!C50 -> 0 | D50: ='01'!D50 -> 2323.23 | E50: 0 | G50: =E50+'05'!G50 -> 0 | H50: =F50+'05'!H50 -> 0 | I50: =IFERROR((H50/G50),0) -> 0 | K50: =J50+'05'!K50 -> 0 | L50: =D50+H50-K50+M50 -> 2323.23
A51: Производства №2 | B51: т | C51: ='01'!C51 -> 256898.95 | D51: ='01'!D51 -> 4567.162 | E51: 6000 | F51: 0 | G51: =E51+'05'!G51 -> 63500 | H51: =F51+'05'!H51 -> 32176.187 | I51: =IFERROR((H51/G51),0) -> 0.50671161 | J51: =O51-P51 -> 0 | K51: =J51+'05'!K51 -> 26069.181 | L51: =D51+H51-K51+M51 -> 10674.168 | O51: 0 | P51: =O51*0.055 -> 0 | Y51: гипс | Z51: =L54 -> 12209.579
A52: Покупное сырье всего, в т.ч.: | B52: т | C52: ='01'!C52 -> 0 | D52: ='01'!D52 -> 0 | Y52: огарка | Z52: =L55 -> 2640.604
A53: Глиеж | B53: т | C53: ='01'!C53 -> 0 | D53: ='01'!D53 -> 0 | E53: =C53/$Q$2 -> 0 | F53: 0 | G53: =E53+'05'!G53 -> 0 | H53: =F53+'05'!H53 -> 0 | I53: =IFERROR((H53/G53),0) -> 0 | K53: =J53+'05'!K53 -> 0 | L53: =D53+H53-K53 -> 0
A54: Гипс | B54: т | C54: ='01'!C54 -> 10000 | D54: ='01'!D54 -> 13684.916 | E54: =C54/$Q$2 -> 322.58065 | F54: 0 | G54: =E54+'05'!G54 -> 1935.4839 | H54: =F54+'05'!H54 -> 0 | I54: =IFERROR((H54/G54),0) -> 0 | J54: 0 | K54: =J54+'05'!K54 -> 1475.3367 | L54: =D54+H54-K54 -> 12209.579 | Y54: уголь | Z54: =L63 -> 5722.7924
A55: Добавки железосодержащие(Консенсус) | B55: т | C55: ='01'!C55 -> 17000 | D55: ='01'!D55 -> 3999.5666 | E55: =C55/$Q$2 -> 548.3871 | F55: 0 | G55: =E55+'05'!G55 -> 3290.3226 | H55: =F55+'05'!H55 -> 0 | I55: =IFERROR((H55/G55),0) -> 0 | J55: 0 | K55: =J55+'05'!K55 -> 1358.9626 | L55: =D55+H55-K55 -> 2640.604 | R55: =D55+H55-K55 -> 2640.604 | Y55: золошлак | Z55: =L58 -> 3480.6938
A56: Каолин | B56: т | C56: ='01'!C56 -> 0 | D56: ='01'!D56 -> 0 | E56: =C56/$Q$2 -> 0 | F56: 0 | G56: =E56+'05'!G56 -> 0 | H56: =F56+'05'!H56 -> 0 | I56: =IFERROR((H56/G56),0) -> 0 | K56: =J56+'05'!K56 -> 0 | L56: =D56+H56-K56 -> 0
A57: Фосфозол | B57: т | C57: ='01'!C57 -> 0 | D57: ='01'!D57 -> 178.075 | E57: =C57/$Q$2 -> 0 | F57: 0 | G57: =E57+'05'!G57 -> 0 | H57: =F57+'05'!H57 -> 0 | I57: =IFERROR((H57/G57),0) -> 0 | K57: =J57+'05'!K57 -> 0 | L57: =D57+H57-K57 -> 178.075 | Y57: песок | Z57: =L59 -> 4269.088
A58: Золошлак | B58: т | C58: ='01'!C58 -> 0 | D58: ='01'!D58 -> 3480.6938 | E58: =C58/$Q$2 -> 0 | F58: 0 | G58: =E58+'05'!G58 -> 0 | H58: =F58+'05'!H58 -> 0 | I58: =IFERROR((H58/G58),0) -> 0 | J58: 0 | K58: =J58+'05'!K58 -> 0 | L58: =D58+H58-K58 -> 3480.6938 | Y58: руда | Z58: =L62 -> 1531.725
A59: Песок мелкозернистый | B59: т | D59: ='01'!D59 -> 4269.088 | F59: 0 | H59: =F59+'05'!H59 -> 0 | K59: =J59+'05'!K59 -> 0 | L59: =D59+H59-K59 -> 4269.088
A60: Интенсификатор помола | B60: т | D60: ='01'!D60 -> 0 | H60: =F60+'05'!H60 -> 0 | K60: =J60+'05'!K60 -> 0 | L60: =D60+H60-K60 -> 0 | T60: -225.22133
A61: Вторичный цемент | B61: т | D61: ='01'!D61 -> 1063.653 | H61: =F61+'05'!H61 -> 0 | J61: =D139+D141 -> 0 | K61: =J61+'05'!K61 -> 0 | L61: =D61+H61-K61 -> 1063.653
A62: Железосодержащая руда | B62: т | D62: ='01'!D62 -> 1531.725 | F62: 0 | H62: =F62+'05'!H62 -> 0 | J62: 0 | K62: =J62+'05'!K62 -> 0 | L62: =D62+H62-K62 -> 1531.725
A63: Уголь каменный | B63: т | C63: ='01'!C63 -> 30000 | D63: =SUM(D64:D71) -> 4405.6172 | F63: 0 | H63: =F63+'05'!H63 -> 3329.15 | J63: 0 | K63: =J63+'05'!K63 -> 2011.9748 | L63: =D63+H63-K63 -> 5722.7924
A64: Уголь (Шубарколь премиум) | B64: т | D64: ='01'!D64 -> 452.58776 | H64: =F64+'05'!H64 -> 0 | K64: =J64+'05'!K64 -> 0 | L64: =D64+H64-K64 -> 452.58776
A65: Уголь (Izzatullo kamoli) | B65: т | D65: ='01'!D65 -> 0 | H65: =F65+'05'!H65 -> 0 | K65: =J65+'05'!K65 -> 0 | L65: =D65+H65-K65 -> 0
A66: Уголь Киргизия (D-G Logistic) | B66: т | D66: ='01'!D66 -> 0 | H66: =F66+'05'!H66 -> 0 | K66: =J66+'05'!K66 -> 0 | L66: =D66+H66-K66 -> 0
A67: Уголь Кара-жыра (Brandcoal) | B67: т | D67: ='01'!D67 -> 243.8 | H67: =F67+'05'!H67 -> 0 | K67: =J67+'05'!K67 -> 0 | L67: =D67+H67-K67 -> 243.8
A68: Уголь (Euro eco garden) | B68: т | D68: ='01'!D68 -> 0 | H68: =F68+'05'!H68 -> 0 | K68: =J68+'05'!K68 -> 0 | L68: =D68+H68-K68 -> 0
A69: Уголь (Komir Savdo Brand) | B69: т | D69: ='01'!D69 -> -14212.944 | F69: 0 | H69: =F69+'05'!H69 -> 0 | J69: 0 | K69: =J69+'05'!K69 -> 2011.9748 | L69: =D69+H69-K69 -> -16224.919
A70: Уголь (Жалын кумир) | B70: т | D70: ='01'!D70 -> 17922.174 | H70: =F70+'05'!H70 -> 3329.15 | K70: =J70+'05'!K70 -> 0 | L70: =D70+H70-K70 -> 21251.324
A71: Уголь (Shargun Komir) | B71: т | D71: ='01'!D71 -> 0 | H71: =F71+'05'!H71 -> 0 | K71: =J71+'05'!K71 -> 0 | L71: =D71+H71-K71 -> 0
A72: Форсуночное топливо | B72: т | D72: ='01'!D72 -> 145.84215 | F72: =N82 -> 0 | H72: =F72+'05'!H72 -> 1911.376 | J72: =K131 -> 0 | K72: =J72+'05'!K72 -> 1866.5616 | L72: =D72+H72-K72 -> 190.65658
A73: Дизельное топливо | D73: ='01'!D73 -> 0 | H73: =F73+'05'!H73 -> 0 | K73: =J73+'05'!K73 -> 0 | L73: =D73+H73-K73 -> 0
A77: Работа основного оборудования
A78: наименование | B78: ЕдИзм | C78: планируемая мощность | D78: факт за сутки | I78: факт с начала месяца | N78: Производства | P78: Комментарии
D79: фактическая мощность за сутки | E79: загрузка производственных мощностей | F79: время работы | G79: простой | H79: надежность | I79: фактическая мощность с начала месяца | J79: загрузка производственных мощностей | K79: время работы | L79: простой | M79: надежность | N79: факт за сутки | O79: факт с начала месяца | Q79: план сутки | R79: план с начала месяца
A80: Вращающаяся печь №1 | B80: т/ч | C80: ='01'!C80 -> 0 | D80: #DIV/0! | E80: =IFERROR(D80/C80,0) -> 0 | F80: 0 | G80: =24-F80 -> 24 | H80: =F80/24 -> 0 | I80: #DIV/0! | J80: =IFERROR(I80/C80,0) -> 0 | K80: 0 | L80: =24*6-K80 -> 144 | M80: =K80/(24*6) -> 0 | O80: =N80+'05'!O80 -> 0 | Q80: 125 | R80: 125
A81: Вращающаяся печь №2 | B81: т/ч | C81: ='01'!C81 -> 0 | D81: #DIV/0! | E81: =IFERROR(D81/C81,0) -> 0 | F81: 0 | G81: =24-F81 -> 24 | H81: =F81/24 -> 0 | I81: #DIV/0! | J81: =IFERROR(I81/C81,0) -> 0 | K81: 0 | L81: =24*6-K81 -> 144 | M81: =K81/(24*6) -> 0 | O81: =N81+'05'!O81 -> 0 | Q81: 127.08333 | R81: 127.08333
A82: Угольная мельница | B82: т/ч | C82: ='01'!C82 -> 45 | D82: =IFERROR(N82/F82,0) -> 0 | E82: =IFERROR(D82/C82,0) -> 0 | F82: 0 | G82: =24-F82 -> 24 | H82: =F82/24 -> 0 | I82: =IFERROR(O82/K82,0) -> 43.535461 | J82: =IFERROR(I82/C82,0) -> 0.96745469 | K82: =F82+'05'!K82 -> 43.903889 | L82: =24*6-K82 -> 100.09611 | M82: =K82/(24*6) -> 0.30488812 | N82: 0 | O82: =N82+'05'!O82 -> 1911.376 | Q82: 127.08333 | R82: 127.08333
A83: Сырьевая мельница ВВСМ №7 | B83: т/ч | C83: ='01'!C83 -> 500 | D83: =IFERROR(N83/F83,0) -> 0 | E83: =IFERROR(D83/C83,0) -> 0 | F83: 0 | G83: =24-F83 -> 24 | H83: =F83/24 -> 0 | I83: =IFERROR(O83/K83,0) -> 498.27193 | J83: =IFERROR(I83/C83,0) -> 0.99654387 | K83: =F83+'05'!K83 -> 64.575556 | L83: =G83+'05'!L83 -> 79.424444 | M83: =K83/(24*6) -> 0.44844136 | N83: 0 | O83: =N83+'05'!O83 -> 32176.187 | Q83: 127.08333 | R83: 127.08333
A84: Вращающаяся печь №5 | B84: т/ч | C84: ='01'!C84 -> 0 | D84: =IFERROR(N84/F84,0) -> 0 | E84: =IFERROR(D84/C84,0) -> 0 | F84: 0 | G84: =24-F84 -> 24 | H84: =F84/24 -> 0 | I84: =IFERROR(O84/K84,0) -> 259.69099 | J84: =IFERROR(I84/C84,0) -> 0 | K84: =F84+'05'!K84 -> 64.9775 | L84: =G84+'05'!L84 -> 79.0225 | M84: =K84/(24*6) -> 0.45123264 | N84: 0 | O84: =N84+'05'!O84 -> 16874.071 | Q84: 127.08333 | R84: 127.08333
A85: ='01'!A85 -> Цементная мельница №1 | B85: т/ч | C85: ='01'!C85 -> 0 | D85: =IFERROR(N85/F85,0) -> 0 | E85: =IFERROR(D85/C85,0) -> 0 | F85: 0 | G85: =24-F85 -> 24 | H85: =F85/24 -> 0 | I85: =IFERROR(O85/K85,0) -> 0 | J85: =IFERROR(I85/C85,0) -> 0 | K85: =F85+'05'!K85 -> 0 | L85: =G85+'05'!L85 -> 144 | M85: =K85/(24*6) -> 0 | N85: 0 | O85: =N85+'05'!O85 -> 0
A86: ='01'!A86 -> Цементная мельница №2 | B86: т/ч | C86: ='01'!C86 -> 0 | D86: =IFERROR(N86/F86,0) -> 0 | E86: =IFERROR(D86/C86,0) -> 0 | F86: 0 | G86: =24-F86 -> 24 | H86: =F86/24 -> 0 | I86: =IFERROR(O86/K86,0) -> 0 | J86: =IFERROR(I86/C86,0) -> 0 | K86: =F86+'05'!K86 -> 0 | L86: =G86+'05'!L86 -> 120 | M86: =K86/(24*6) -> 0 | N86: 0 | O86: =N86+'05'!O86 -> 0
A87: ='01'!A87 -> Цементная мельница №3 | B87: т/ч | C87: ='01'!C87 -> 0 | D87: =IFERROR(N87/F87,0) -> 0 | E87: =IFERROR(D87/C87,0) -> 0 | F87: 0 | G87: =24-F87 -> 24 | H87: =F87/24 -> 0 | I87: =IFERROR(O87/K87,0) -> 0 | J87: =IFERROR(I87/C87,0) -> 0 | K87: =F87+'05'!K87 -> 0 | L87: =G87+'05'!L87 -> 120 | M87: =K87/(24*6) -> 0 | N87: 0 | O87: =N87+'05'!O87 -> 0
A88: ='01'!A88 -> Цементная мельница №4 | B88: т/ч | C88: ='01'!C88 -> 0 | D88: =IFERROR(N88/F88,0) -> 0 | E88: =IFERROR(D88/C88,0) -> 0 | F88: 0 | G88: =24-F88 -> 24 | H88: =F88/24 -> 0 | I88: =IFERROR(O88/K88,0) -> 0 | J88: =IFERROR(I88/C88,0) -> 0 | K88: =F88+'05'!K88 -> 0 | L88: =G88+'05'!L88 -> 120 | M88: =K88/(24*6) -> 0 | N88: 0 | O88: =N88+'05'!O88 -> 0
A89: Цементная мельница ШЦМ №5 | B89: т/ч | C89: ='01'!C89 -> 47 | D89: =IFERROR(N89/F89,0) -> 0 | E89: =IFERROR(D89/C89,0) -> 0 | F89: 0 | G89: =24-F89 -> 24 | H89: =F89/24 -> 0 | I89: =IFERROR(O89/K89,0) -> 41.420861 | J89: =IFERROR(I89/C89,0) -> 0.88129491 | K89: =F89+'05'!K89 -> 1.695 | L89: =G89+'05'!L89 -> 142.305 | M89: =K89/(24*6) -> 0.011770833 | N89: 0 | O89: =N89+'05'!O89 -> 70.208359 | Q89: 0 | R89: 0
A90: Цементная мельница ШЦМ №6 | B90: т/ч | C90: ='01'!C90 -> 47 | D90: =IFERROR(N90/F90,0) -> 0 | E90: =IFERROR(D90/C90,0) -> 0 | F90: 0 | G90: =24-F90 -> 24 | H90: =F90/24 -> 0 | I90: =IFERROR(O90/K90,0) -> 48.591763 | J90: =IFERROR(I90/C90,0) -> 1.0338673 | K90: =F90+'05'!K90 -> 32.664167 | L90: =G90+'05'!L90 -> 111.33583 | M90: =K90/(24*6) -> 0.22683449 | N90: 0 | O90: =N90+'05'!O90 -> 1587.2095 | Q90: 0 | R90: 0
A91: Цементная мельница №7 | B91: т/ч | C91: ='01'!C91 -> 0 | D91: =IFERROR(N91/F91,0) -> 0 | E91: =IFERROR(D91/C91,0) -> 0 | F91: 0 | G91: =24-F91 -> 24 | H91: =F91/24 -> 0 | I91: =IFERROR(O91/K91,0) -> 0 | J91: =IFERROR(I91/C91,0) -> 0 | K91: =F91+'05'!K91 -> 0 | L91: =G91+'05'!L91 -> 144 | M91: =K91/(24*6) -> 0 | N91: 0 | O91: =N91+'05'!O91 -> 0 | Q91: 0 | R91: 0
A92: Цементная мельница ВВЦМ №1 | B92: т/ч | C92: ='01'!C92 -> 156.40497 | D92: =IFERROR(N92/F92,0) -> 0 | E92: =IFERROR(D92/C92,0) -> 0 | F92: 0 | G92: =24-F92 -> 24 | H92: =F92/24 -> 0 | I92: =IFERROR(O92/K92,0) -> 140.11317 | J92: =IFERROR(I92/C92,0) -> 0.89583582 | K92: =F92+'05'!K92 -> 71.521667 | L92: =G92+'05'!L92 -> 72.478333 | M92: =K92/(24*6) -> 0.49667824 | N92: 0 | O92: =N92+'05'!O92 -> 10021.127 | Q92: 0 | R92: 0
A93: Цементная мельница ВВЦМ №2 | B93: т/ч | C93: ='01'!C93 -> 153.20426 | D93: =IFERROR(N93/F93,0) -> 0 | E93: =IFERROR(D93/C93,0) -> 0 | F93: 0 | G93: =24-F93 -> 24 | H93: =F93/24 -> 0 | I93: =IFERROR(O93/K93,0) -> 144.80399 | J93: =IFERROR(I93/C93,0) -> 0.94516947 | K93: =F93+'05'!K93 -> 64.288611 | L93: =G93+'05'!L93 -> 79.711389 | M93: =K93/(24*6) -> 0.44644869 | N93: 0 | O93: =N93+'05'!O93 -> 9309.2475 | Q93: 0 | R93: 0
A94: Ротоупаковочная машина №1 | B94: т/ч | C94: ='01'!C94 -> 60 | D94: =IFERROR(N94/F94,0) -> 0 | E94: =IFERROR(D94/C94,0) -> 0 | G94: =24-F94 -> 24 | H94: =F94/24 -> 0 | I94: =IFERROR(O94/K94,0) -> 89.046875 | J94: =IFERROR(I94/C94,0) -> 1.4841146 | K94: =F94+'05'!K94 -> 32 | L94: =G94+'05'!L94 -> 112 | M94: =K94/(24*6) -> 0.22222222 | N94: =E111+E120+E121+E122 -> 0 | O94: =N94+'05'!O94 -> 2849.5 | Q94: 56 | R94: 56
A95: Ротоупаковочная машина №2 | B95: т/ч | D95: =IFERROR(N95/F95,0) -> 0 | E95: =IFERROR(D95/C95,0) -> 0 | G95: =24-F95 -> 24 | H95: =F95/24 -> 0 | I95: =IFERROR(O95/K95,0) -> 142.05714 | J95: =IFERROR(I95/C95,0) -> 0 | K95: =F95+'05'!K95 -> 7 | L95: =G95+'05'!L95 -> 137 | M95: =K95/(24*6) -> 0.048611111 | N95: =E112+E114+E115+E118+E119 -> 0 | O95: =N95+'05'!O95 -> 994.4
A96: Отгрузка
A97: наименование | B97: ЕдИзм | C97: план на месяц | D97: за сутки | G97: с начала месяца
D99: план | E99: факт | F99: % | G99: план | H99: факт | I99: % | J99: план | K99: откл | L99: с начала месяца | N99: с начала года
A100: ВСЕГО | B100: т | C100: =C101+C110 -> 196140 | D100: =D101+D111 -> 5021 | E100: =E101+E110 -> 0 | F100: =IFERROR((E100/D100),0) -> 0 | G100: =G101+G110 -> 36693 | H100: =H101+H110 -> 19708.25 | I100: =IFERROR((H100/G100),0) -> 0.53711198 | M100: MTBF | O100: MTBF
A101: Навалом, в т.ч. | B101: т | C101: =SUM(C102:C109) -> 143308 | D101: =SUM(D102:D109) -> 5021 | E101: =SUM(E102:E109) -> 0 | F101: =IFERROR((E101/D101),0) -> 0 | G101: =SUM(G102:G109) -> 25627 | H101: =SUM(H102:H109) -> 15844.35 | I101: =IFERROR((H101/G101),0) -> 0.61826784 | L101: ВП №5 | N101: ВП №5
A102: ЦEМ II/B-K(З-И) 32,5H | B102: т | C102: ='01'!C102 -> 0 | D102: 0 | E102: 0 | F102: =IFERROR((E102/D102),0) -> 0 | G102: =D102+'05'!G102 -> 0 | H102: =E102+'05'!H102 -> 0 | I102: =IFERROR((H102/G102),0) -> 0
A103: AMD - 1000 | B103: т | C103: ='01'!C103 -> 11500 | D103: 645 | E103: 0 | F103: =IFERROR((E103/D103),0) -> 0 | G103: =D103+'05'!G103 -> 2140 | H103: =E103+'05'!H103 -> 0 | I103: =IFERROR((H103/G103),0) -> 0
A104: ЦЕМ I 52.5Н | B104: т | C104: ='01'!C104 -> 127150 | D104: 4264 | E104: 0 | F104: =IFERROR((E104/D104),0) -> 0 | G104: =D104+'05'!G104 -> 22662 | H104: =E104+'05'!H104 -> 12980.25 | I104: =IFERROR((H104/G104),0) -> 0.57277601
...

Sheet 07
A1: =CONCATENATE("Ежедневный отчет производства и отгрузки за 07 ",Q1) -> Ежедневный отчет производства и отгрузки за 07 август | Q1: август
Q2: 31
A3: Наименование | B3: ЕдИзм | C3: План на месяц | D3: Остатки на складе на начало месяца | E3: Производство/поступление | J3: Отгружено со склада/отпущено в производство/перемещение | L3: Остаток на складе на конец суток | M3: Акты ОКК о переводе марок/перемещение между складами | N3: Перемещения | O3: Комментарии
E4: план на сутки | F4: факт за сутки | G4: план с начала месяца | H4: факт с начала месяца | I4: % | J4: факт за сутки | K4: факт с начала месяца
A5: Клинкер всего | B5: т | C5: =C6+C9 -> 160800 | D5: =D6+D9+D8 -> 143025.21 | E5: =E6+E9 -> 6700 | F5: =F6+F9 -> 0 | G5: =G6+G9 -> 46900 | H5: =H6+H9 -> 16874.071 | I5: =IFERROR((H5/G5),0) -> 0.3597883 | J5: =J6+J9 -> 0 | K5: =K6+K9+K8 -> 17027.104 | L5: =L6+L9+L8 -> 142872.18
A6: Клинкер грейферный склад | B6: т | C6: ='01'!C6 -> 0 | D6: ='01'!D6 -> 15952.92 | E6: 0 | G6: =E6+'06'!G6 -> 0 | H6: =F6+'06'!H6 -> 6671.6154 | K6: =J6+'06'!K6 -> 0 | L6: =D6+H6-K6-M6-N6 -> 22624.535 | N6: =N10 -> 0
A7: Клинкер некондиция (шихта) | B7: т | D7: ='01'!D7 -> 0 | F7: 0 | H7: =F7+'06'!H7 -> 0 | K7: =J7+'06'!K7 -> 0 | L7: =D7+H7-K7-M7-N7 -> 0
A8: клинкер некондиционный склад БСУ | B8: т | D8: ='01'!D8 -> 0 | H8: =F8+'06'!H8 -> 0 | K8: =J8+'06'!K8 -> 0 | L8: =D8+H8-K8 -> 0
A9: Клинкер сухой линии в т.ч.: | B9: т | C9: ='01'!C9 -> 160800 | D9: ='01'!D9 -> 127072.29 | E9: 6700 | F9: =F10+F8+F12+F13+F11 -> 0 | G9: =E9+'06'!G9 -> 46900 | H9: =F9+'06'!H9 -> 10202.456 | I9: =IFERROR((H9/G9),0) -> 0.21753637 | J9: =J10+J11+J12+J13 -> 0 | K9: =J9+'06'!K9 -> 17027.104 | L9: =D9+H9-K9+M9+N9 -> 120247.65 | N9: 0 | Q9: -23266.572 | R9: =J9-Q9 -> 23266.572
A10: клинкер в силосе | B10: т | D10: ='01'!D10 -> 56300.274 | F10: 0 | G10: =E10+'06'!G10 -> 0 | H10: =F10+'06'!H10 -> 10202.456 | J10: 0 | K10: =J10+'06'!K10 -> 17027.104 | L10: =D10+H10-K10+M10+N10 -> 49475.626
A11: Клинкер СС грейферный склад | B11: т | D11: ='01'!D11 -> 18224.017 | G11: =E11+'06'!G11 -> 0 | H11: =F11+'06'!H11 -> 0 | J11: 0 | K11: =J11+'06'!K11 -> 0 | L11: =D11+H11-K11+M11-N11 -> 18224.017
A12: клинкер на площадку (за шатровый склад) | B12: т | D12: ='01'!D12 -> 52548.003 | E12: =C12/31 -> 0 | G12: =E12+'06'!G12 -> 0 | H12: =F12+'06'!H12 -> 0 | I12: =IFERROR((H12/G12),0) -> 0 | K12: =J12+'06'!K12 -> 0 | L12: =D12+H12-K12+M12-N12 -> 52548.003
A13: клинкер на площадку (лессовый) | B13: т | D13: ='01'!D13 -> 0 | H13: =F13+'06'!H13 -> 0 | K13: =J13+'06'!K13 -> 0 | L13: =D13+H13-K13+M13-N13 -> 0
A14: Цемент в силосах всего, в том числе: | B14: т | C14: =SUM(C15:C21) -> 195040 | D14: ='01'!D14 -> 25904.614 | E14: =SUM(E15:E21) -> 6639 | F14: =SUM(F15:F21) -> 0 | G14: =SUM(G15:G21) -> 43157 | H14: =SUM(H15:H21) -> 18857.688 | I14: =IFERROR((H14/G14),0) -> 0.4369555 | J14: =SUM(J15:J21) -> 0 | K14: =SUM(K15:K21) -> 18951.05 | L14: =SUM(L15:L21) -> 25811.253 | S14: Клинкер фактор | T14: =J5/F14 -> #DIV/0!
A15: ЦЕМ II/А-Г 32.5Н | B15: т | C15: ='01'!C15 -> 0 | D15: ='01'!D15 -> 0 | E15: 0 | F15: 0 | G15: =E15+'06'!G15 -> 0 | H15: =F15+'06'!H15 -> 0 | I15: =IFERROR((H15/G15),0) -> 0 | J15: 0 | K15: =J15+'06'!K15 -> 0 | L15: =D15+H15-K15+M15 -> 0
A16: ЦEМ II/B-K(З-И) 42,5H | B16: т | C16: ='01'!C16 -> 44352 | D16: ='01'!D16 -> 6069.3573 | E16: 1509.7053 | F16: 0 | G16: =E16+'06'!G16 -> 9813.8806 | H16: =F16+'06'!H16 -> 3228.5002 | I16: =IFERROR((H16/G16),0) -> 0.32897285 | J16: =IFERROR(SUMIF(A101:A114,A16,E101:E114),0)+E111+E112+E113 -> 0 | K16: =J16+'06'!K16 -> 3320.85 | L16: =D16+H16-K16+M16 -> 5977.0075
A17: AMD - 1000 | B17: т | C17: ='01'!C17 -> 0 | D17: ='01'!D17 -> 483.2374 | E17: 0 | F17: 0 | G17: =E17+'06'!G17 -> 0 | H17: =F17+'06'!H17 -> 0 | I17: =IFERROR((H17/G17),0) -> 0 | J17: =IFERROR(SUMIF(A102:A115,A17,E102:E115),0)+E116+E119+E121+E114 -> 0 | K17: =J17+'06'!K17 -> 0 | L17: =D17+H17-K17+M17 -> 483.2374 | S17: Коэф. мука-клинкер | T17: =O51/F5 -> #DIV/0!
A18: ЦEМ II/B-K(З-И) 32,5H | B18: т | C18: ='01'!C18 -> 1360 | D18: ='01'!D18 -> 3183.2381 | G18: =E18+'06'!G18 -> 0 | H18: =F18+'06'!H18 -> 0 | I18: =IFERROR((H18/G18),0) -> 0 | J18: =IFERROR(SUMIF(A102:A115,A18,E102:E115),0)+E118+E120 -> 0 | K18: =J18+'06'!K18 -> 0 | L18: =D18+H18-K18+M18 -> 3183.2381
A19: ='01'!A19 -> ЦЕМ I 52.5Н | B19: т | C19: ='01'!C19 -> 145770 | D19: ='01'!D19 -> 12764.734 | E19: 4961.89 | F19: 0 | G19: =E19+'06'!G19 -> 32254.901 | H19: =F19+'06'!H19 -> 15629.188 | I19: =IFERROR((H19/G19),0) -> 0.48455235 | J19: =IFERROR(SUMIF(A102:A115,A19,E102:E115),0)+E117+E115+E122 -> 0 | K19: =J19+'06'!K19 -> 14803.6 | L19: =D19+H19-K19+M19 -> 13590.322
A20: ЦЕМ I 42.5Н СС | B20: т | C20: ='01'!C20 -> 3558 | D20: ='01'!D20 -> 3404.048 | E20: 121.11137 | F20: 0 | G20: =E20+'06'!G20 -> 787.28777 | H20: =F20+'06'!H20 -> 0 | I20: =IFERROR((H20/G20),0) -> 0 | J20: =IFERROR(SUMIF(A102:A115,A20,E102:E115),0) -> 0 | K20: =J20+'06'!K20 -> 826.6 | L20: =D20+H20-K20+M20 -> 2577.448
A21: ='01'!A21 -> ЦЕМ I 42.5Н | B21: т | C21: ='01'!C21 -> 0 | D21: ='01'!D21 -> 8.7766239e-11 | E21: 46.293273 | F21: 0 | G21: =E21+'06'!G21 -> 300.93068 | H21: =F21+'06'!H21 -> 0 | I21: =IFERROR((H21/G21),0) -> 0 | J21: =IFERROR(SUMIF(A102:A115,A21,E102:E115),0) -> 0 | K21: =J21+'06'!K21 -> 0 | L21: =D21+H21-K21+M21 -> 8.7766239e-11
A22: AMD - 6 (навал) | C22: ='01'!C22 -> 1100 | D22: ='01'!D22 -> 2833.7506 | E22: 0 | F22: 0 | G22: =E22+'06'!G22 -> 0 | H22: =F22+'06'!H22 -> 2130.1045 | J22: =IFERROR(SUMIF(A103:A123,A22,E103:E123),0)+E109 -> 0 | K22: =J22+'06'!K22 -> 757.2 | L22: =D22+H22-K22+M22 -> 4206.6551
A23: Тара: МКР | B23: т | C23: ='01'!C23 -> 0 | D23: ='01'!D23 -> 52 | E23: 0 | F23: =SUM(F24:F29) -> 0 | G23: =E23+'06'!G23 -> 0 | H23: =SUM(H24:H29) -> 0 | I23: =IFERROR((H23/G23),0) -> 0 | J23: =SUM(J24:J29) -> 0 | K23: =J23+'06'!K23 -> 20 | L23: =D23+H23-K23+M23 -> 32
A24: ЦЕМ II/А-К (З-И) 42,5Н | B24: т | D24: ='01'!D24 -> 0 | F24: 0 | G24: =E24+'06'!G24 -> 0 | H24: =F24+'06'!H24 -> 0 | J24: 0 | K24: =J24+'06'!K24 -> 0 | L24: =D24+H24-K24+M24 -> 0
A25: ЦEМ II/B-K(З-И) 32,5H | B25: т | D25: ='01'!D25 -> 16 | F25: 0 | G25: =E25+'06'!G25 -> 0 | H25: =F25+'06'!H25 -> 0 | J25: 0 | K25: =J25+'06'!K25 -> 20 | L25: =D25+H25-K25+M25 -> -4
A26: ='01'!A26 -> ЦEМ I 52,5H Портландцемент (МКР) | B26: т | D26: ='01'!D26 -> 36 | F26: 0 | G26: =E26+'06'!G26 -> 0 | H26: =F26+'06'!H26 -> 0 | J26: 0 | K26: =J26+'06'!K26 -> 0 | L26: =D26+H26-K26+M26 -> 36
A27: ='01'!A27 -> ЦЕМ I 42.5Н | B27: т | D27: ='01'!D27 -> 0 | F27: 0 | G27: =E27+'06'!G27 -> 0 | H27: =F27+'06'!H27 -> 0 | K27: =J27+'06'!K27 -> 0 | L27: =D27+H27-K27+M27 -> 0
B28: т | F28: =J28 -> 0 | G28: =E28+'06'!G28 -> 0 | H28: =F28+'06'!H28 -> 0 | K28: =J28+'06'!K28 -> 0 | L28: =D28+H28-K28+M28 -> 0
B29: т | F29: =J29 -> 0 | G29: =E29+'06'!G29 -> 0 | H29: =F29+'06'!H29 -> 0 | K29: =J29+'06'!K29 -> 0 | L29: =D29+H29-K29+M29 -> 0
A30: Тара: паллеты | B30: т | D30: ='01'!D30 -> 1513.6 | F30: =SUM(F31:F37) -> 0 | G30: =E30+'06'!G30 -> 0 | H30: =SUM(H31:H37) -> 554.4 | I30: =IFERROR((H30/G30),0) -> 0 | J30: =SUM(J31:J37) -> 0 | K30: =J30+'06'!K30 -> 994.4 | L30: =D30+H30-K30+M30 -> 1073.6
A31: ЦЕМ II/А-К (З-И) 42,5Н | B31: т | D31: ='01'!D31 -> 0 | F31: 0 | G31: =E31+'06'!G31 -> 0 | H31: =F31+'06'!H31 -> 0 | J31: 0 | K31: =J31+'06'!K31 -> 0 | L31: =D31+H31-K31+M31 -> 0
A32: ЦEМ II/B-K(З-И) 42,5H | B32: т | D32: ='01'!D32 -> 1508.32 | F32: 0 | G32: =E32+'06'!G32 -> 0 | H32: =F32+'06'!H32 -> 554.4 | J32: 0 | K32: =J32+'06'!K32 -> 994.4 | L32: =D32+H32-K32+M32 -> 1068.32
A33: ='01'!A33 -> ЦЕМ I 52.5Н | B33: т | D33: ='01'!D33 -> 5.28 | F33: 0 | G33: =E33+'06'!G33 -> 0 | H33: =F33+'06'!H33 -> 0 | J33: 0 | K33: =J33+'06'!K33 -> 0 | L33: =D33+H33-K33+M33 -> 5.28
A34: ='01'!A34 -> ЦЕМ I 42.5Н | B34: т | D34: ='01'!D34 -> 0 | F34: 0 | G34: =E34+'06'!G34 -> 0 | H34: =F34+'06'!H34 -> 0 | K34: =J34+'06'!K34 -> 0 | L34: =D34+H34-K34+M34 -> 0
B35: т | F35: =J35 -> 0 | G35: =E35+'06'!G35 -> 0 | H35: =F35+'06'!H35 -> 0 | K35: =J35+'06'!K35 -> 0 | L35: =D35+H35-K35+M35 -> 0
A36: Песок природный | B36: т | C36: ='01'!C36 -> 3500 | D36: ='01'!D36 -> 1673.24 | F36: =J36 -> 0 | G36: =E36+'06'!G36 -> 0 | H36: =F36+'06'!H36 -> 0 | J36: 0 | K36: =J36+'06'!K36 -> 0 | L36: =D36+H36-K36+M36 -> 1673.24
A37: Щебень фракции 5-20 | B37: т | C37: ='01'!C37 -> 0 | D37: ='01'!D37 -> 294.64 | F37: =J37 -> 0 | G37: =E37+'06'!G37 -> 0 | H37: =F37+'06'!H37 -> 0 | J37: 0 | K37: =J37+'06'!K37 -> 0 | L37: =D37+H37-K37+M37 -> 294.64
A38: Известняк общий: | B38: т | C38: ='01'!C38 -> 153958.11 | D38: ='01'!D38 -> 1756.983 | E38: =C38/31 -> 4966.3906 | F38: =SUM(F39:F42) -> 0 | G38: =E38+'06'!G38 -> 34764.734 | H38: =F38+'06'!H38 -> 9132.5708 | I38: =IFERROR((H38/G38),0) -> 0.26269641 | J38: =SUM(J39:J40) -> 0 | K38: =J38+'06'!K38 -> 9083.5708 | L38: =D38+H38-K38 -> 1805.983
A39: известняк на шатровый склад | B39: т | F39: 0 | H39: =F39+'06'!H39 -> 6840.5708 | J39: =F39 -> 0 | K39: =J39+'06'!K39 -> 6840.5708
A40: известняк на помол | B40: т | F40: 0 | H40: =F40+'06'!H40 -> 2292 | J40: 0 | K40: =J40+'06'!K40 -> 2243
A41: известняк на цемент мокрый | B41: т | H41: =F41+'06'!H41 -> 0 | K41: =J41+'06'!K41 -> 0
A42: известняк на цемент сухой | B42: т | H42: =F42+'06'!H42 -> 0 | K42: =J42+'06'!K42 -> 0
A43: Мергель | B43: т | C43: ='01'!C43 -> 96601.879 | E43: =C43/30 -> 3220.0626 | F43: 0 | G43: =E43+'06'!G43 -> 22540.438 | H43: =F43+'06'!H43 -> 8403.8 | I43: =IFERROR((H43/G43),0) -> 0.37283215 | J43: =F43 -> 0 | K43: =J43+'06'!K43 -> 8403.8 | L43: =D43+H43-K43 -> 0
A44: Глина (лёсс) всего: | B44: т | C44: ='01'!C44 -> 40846.933 | D44: ='01'!D44 -> 3759.4565 | E44: =C44/30 -> 1361.5644 | F44: 0 | G44: =E44+'06'!G44 -> 9530.9511 | H44: =F44+'06'!H44 -> 7255 | I44: =IFERROR((H44/G44),0) -> 0.7612042 | J44: 0 | K44: =J44+'06'!K44 -> 4780.2486 | L44: =D44+H44-K44 -> 6234.2079
A45: лесс на мокрый | F45: 0 | H45: =F45+'06'!H45 -> 0 | K45: =J45+'06'!K45 -> 0
A46: лесс на сухой | H46: =F46+'06'!H46 -> 0 | K46: =J46+'06'!K46 -> 0
A47: лесс корректировочный | H47: =F47+'06'!H47 -> 0 | K47: =J47+'06'!K47 -> 0
A48: Сырьевая смесь | B48: т | C48: ='01'!C48 -> 238663.47 | D48: ='01'!D48 -> 14554.972 | E48: =C48/30 -> 7955.4488 | F48: 0 | G48: =E48+'06'!G48 -> 55688.142 | H48: =F48+'06'!H48 -> 15244.371 | I48: =IFERROR((H48/G48),0) -> 0.27374537 | J48: 0 | K48: =J48+'06'!K48 -> 27730.382 | L48: =D48+H48-K48 -> 2068.961
A49: Сырьевая мука, в т.ч.: | B49: т | C49: =C50+C51 -> 256898.95 | D49: =D50+D51 -> 6890.392 | E49: =SUM(E50:E51) -> 11500 | F49: =SUM(F50:F51) -> 0 | G49: =SUM(G50:G51) -> 75000 | H49: =SUM(H50:H51) -> 32176.187 | I49: =IFERROR((H49/G49),0) -> 0.42901583 | J49: =SUM(J50:J51) -> 0 | K49: =SUM(K50:K51) -> 26069.181 | L49: =D49+H49-K49+M49 -> 12997.398
A50: Производства №1 | B50: т | C50: ='01'!C50 -> 0 | D50: ='01'!D50 -> 2323.23 | E50: 0 | G50: =E50+'06'!G50 -> 0 | H50: =F50+'06'!H50 -> 0 | I50: =IFERROR((H50/G50),0) -> 0 | K50: =J50+'06'!K50 -> 0 | L50: =D50+H50-K50+M50 -> 2323.23
A51: Производства №2 | B51: т | C51: ='01'!C51 -> 256898.95 | D51: ='01'!D51 -> 4567.162 | E51: 11500 | F51: 0 | G51: =E51+'06'!G51 -> 75000 | H51: =F51+'06'!H51 -> 32176.187 | I51: =IFERROR((H51/G51),0) -> 0.42901583 | J51: =O51-P51 -> 0 | K51: =J51+'06'!K51 -> 26069.181 | L51: =D51+H51-K51+M51 -> 10674.168 | O51: 0 | P51: =O51*0.055 -> 0 | Y51: гипс | Z51: =L54 -> 12209.579
A52: Покупное сырье всего, в т.ч.: | B52: т | C52: ='01'!C52 -> 0 | D52: ='01'!D52 -> 0 | Y52: огарка | Z52: =L55 -> 2640.604
A53: Глиеж | B53: т | C53: ='01'!C53 -> 0 | D53: ='01'!D53 -> 0 | E53: =C53/$Q$2 -> 0 | F53: 0 | G53: =E53+'06'!G53 -> 0 | H53: =F53+'06'!H53 -> 0 | I53: =IFERROR((H53/G53),0) -> 0 | K53: =J53+'06'!K53 -> 0 | L53: =D53+H53-K53 -> 0
A54: Гипс | B54: т | C54: ='01'!C54 -> 10000 | D54: ='01'!D54 -> 13684.916 | E54: =C54/$Q$2 -> 322.58065 | F54: 0 | G54: =E54+'06'!G54 -> 2258.0645 | H54: =F54+'06'!H54 -> 0 | I54: =IFERROR((H54/G54),0) -> 0 | J54: 0 | K54: =J54+'06'!K54 -> 1475.3367 | L54: =D54+H54-K54 -> 12209.579 | Y54: уголь | Z54: =L63 -> 5722.7924
A55: Добавки железосодержащие(Консенсус) | B55: т | C55: ='01'!C55 -> 17000 | D55: ='01'!D55 -> 3999.5666 | E55: =C55/$Q$2 -> 548.3871 | F55: 0 | G55: =E55+'06'!G55 -> 3838.7097 | H55: =F55+'06'!H55 -> 0 | I55: =IFERROR((H55/G55),0) -> 0 | J55: 0 | K55: =J55+'06'!K55 -> 1358.9626 | L55: =D55+H55-K55 -> 2640.604 | R55: =D55+H55-K55 -> 2640.604 | Y55: золошлак | Z55: =L58 -> 3480.6938
A56: Каолин | B56: т | C56: ='01'!C56 -> 0 | D56: ='01'!D56 -> 0 | E56: =C56/$Q$2 -> 0 | F56: 0 | G56: =E56+'06'!G56 -> 0 | H56: =F56+'06'!H56 -> 0 | I56: =IFERROR((H56/G56),0) -> 0 | K56: =J56+'06'!K56 -> 0 | L56: =D56+H56-K56 -> 0
A57: Фосфозол | B57: т | C57: ='01'!C57 -> 0 | D57: ='01'!D57 -> 178.075 | E57: =C57/$Q$2 -> 0 | F57: 0 | G57: =E57+'06'!G57 -> 0 | H57: =F57+'06'!H57 -> 0 | I57: =IFERROR((H57/G57),0) -> 0 | K57: =J57+'06'!K57 -> 0 | L57: =D57+H57-K57 -> 178.075 | Y57: песок | Z57: =L59 -> 4269.088
A58: Золошлак | B58: т | C58: ='01'!C58 -> 0 | D58: ='01'!D58 -> 3480.6938 | E58: =C58/$Q$2 -> 0 | F58: 0 | G58: =E58+'06'!G58 -> 0 | H58: =F58+'06'!H58 -> 0 | I58: =IFERROR((H58/G58),0) -> 0 | J58: 0 | K58: =J58+'06'!K58 -> 0 | L58: =D58+H58-K58 -> 3480.6938 | Y58: руда | Z58: =L62 -> 1531.725
A59: Песок мелкозернистый | B59: т | D59: ='01'!D59 -> 4269.088 | F59: 0 | H59: =F59+'06'!H59 -> 0 | K59: =J59+'06'!K59 -> 0 | L59: =D59+H59-K59 -> 4269.088
A60: Интенсификатор помола | B60: т | D60: ='01'!D60 -> 0 | H60: =F60+'06'!H60 -> 0 | K60: =J60+'06'!K60 -> 0 | L60: =D60+H60-K60 -> 0
A61: Вторичный цемент | B61: т | D61: ='01'!D61 -> 1063.653 | H61: =F61+'06'!H61 -> 0 | J61: =D139+D141 -> 0 | K61: =J61+'06'!K61 -> 0 | L61: =D61+H61-K61 -> 1063.653
A62: Железосодержащая руда | B62: т | D62: ='01'!D62 -> 1531.725 | F62: 0 | H62: =F62+'06'!H62 -> 0 | J62: 0 | K62: =J62+'06'!K62 -> 0 | L62: =D62+H62-K62 -> 1531.725
A63: Уголь каменный | B63: т | C63: ='01'!C63 -> 30000 | D63: =SUM(D64:D71) -> 4405.6172 | F63: 0 | H63: =F63+'06'!H63 -> 3329.15 | J63: 0 | K63: =J63+'06'!K63 -> 2011.9748 | L63: =D63+H63-K63 -> 5722.7924
A64: Уголь (Шубарколь премиум) | B64: т | D64: ='01'!D64 -> 452.58776 | H64: =F64+'06'!H64 -> 0 | K64: =J64+'06'!K64 -> 0 | L64: =D64+H64-K64 -> 452.58776
A65: Уголь (Izzatullo kamoli) | B65: т | D65: ='01'!D65 -> 0 | H65: =F65+'06'!H65 -> 0 | K65: =J65+'06'!K65 -> 0 | L65: =D65+H65-K65 -> 0
A66: Уголь Киргизия (D-G Logistic) | B66: т | D66: ='01'!D66 -> 0 | H66: =F66+'06'!H66 -> 0 | K66: =J66+'06'!K66 -> 0 | L66: =D66+H66-K66 -> 0
A67: Уголь Кара-жыра (Brandcoal) | B67: т | D67: ='01'!D67 -> 243.8 | H67: =F67+'06'!H67 -> 0 | K67: =J67+'06'!K67 -> 0 | L67: =D67+H67-K67 -> 243.8
A68: Уголь (Euro eco garden) | B68: т | D68: ='01'!D68 -> 0 | H68: =F68+'06'!H68 -> 0 | K68: =J68+'06'!K68 -> 0 | L68: =D68+H68-K68 -> 0
A69: Уголь (Komir Savdo Brand) | B69: т | D69: ='01'!D69 -> -14212.944 | H69: =F69+'06'!H69 -> 0 | J69: 0 | K69: =J69+'06'!K69 -> 2011.9748 | L69: =D69+H69-K69 -> -16224.919
A70: Уголь (Жалын кумир) | B70: т | D70: ='01'!D70 -> 17922.174 | F70: 0 | H70: =F70+'06'!H70 -> 3329.15 | K70: =J70+'06'!K70 -> 0 | L70: =D70+H70-K70 -> 21251.324
A71: Уголь (Shargun Komir) | B71: т | D71: ='01'!D71 -> 0 | F71: 0 | H71: =F71+'06'!H71 -> 0 | K71: =J71+'06'!K71 -> 0 | L71: =D71+H71-K71 -> 0
A72: Форсуночное топливо | B72: т | D72: ='01'!D72 -> 145.84215 | F72: =N82 -> 0 | H72: =F72+'06'!H72 -> 1911.376 | J72: =K131 -> 0 | K72: =J72+'06'!K72 -> 1866.5616 | L72: =D72+H72-K72 -> 190.65658
A73: Дизельное топливо | D73: ='01'!D73 -> 0 | H73: =F73+'06'!H73 -> 0 | K73: =J73+'06'!K73 -> 0 | L73: =D73+H73-K73 -> 0
A77: Работа основного оборудования
A78: наименование | B78: ЕдИзм | C78: планируемая мощность | D78: факт за сутки | I78: факт с начала месяца | N78: Производства | P78: Комментарии
D79: фактическая мощность за сутки | E79: загрузка производственных мощностей | F79: время работы | G79: простой | H79: надежность | I79: фактическая мощность с начала месяца | J79: загрузка производственных мощностей | K79: время работы | L79: простой | M79: надежность | N79: факт за сутки | O79: факт с начала месяца | Q79: план сутки | R79: план с начала месяца
A80: Вращающаяся печь №1 | B80: т/ч | C80: ='01'!C80 -> 0 | D80: #DIV/0! | E80: =IFERROR(D80/C80,0) -> 0 | F80: 0 | G80: =24-F80 -> 24 | H80: =F80/24 -> 0 | I80: #DIV/0! | J80: =IFERROR(I80/C80,0) -> 0 | K80: 0 | L80: =24*7-K80 -> 168 | M80: =K80/(24*7) -> 0 | O80: =N80+'06'!O80 -> 0 | Q80: 125 | R80: 125
A81: Вращающаяся печь №2 | B81: т/ч | C81: ='01'!C81 -> 0 | D81: #DIV/0! | E81: =IFERROR(D81/C81,0) -> 0 | F81: 0 | G81: =24-F81 -> 24 | H81: =F81/24 -> 0 | I81: #DIV/0! | J81: =IFERROR(I81/C81,0) -> 0 | K81: 0 | L81: =24*7-K81 -> 168 | M81: =K81/(24*7) -> 0 | O81: =N81+'06'!O81 -> 0 | Q81: 127.08333 | R81: 127.08333
A82: Угольная мельница | B82: т/ч | C82: ='01'!C82 -> 45 | D82: =IFERROR(N82/F82,0) -> 0 | E82: =IFERROR(D82/C82,0) -> 0 | F82: 0 | G82: =24-F82 -> 24 | H82: =F82/24 -> 0 | I82: =IFERROR(O82/K82,0) -> 43.535461 | J82: =IFERROR(I82/C82,0) -> 0.96745469 | K82: =F82+'06'!K82 -> 43.903889 | L82: =24*7-K82 -> 124.09611 | M82: =K82/(24*7) -> 0.26133267 | N82: 0 | O82: =N82+'06'!O82 -> 1911.376 | Q82: 127.08333 | R82: 127.08333
A83: Сырьевая мельница ВВСМ №7 | B83: т/ч | C83: ='01'!C83 -> 500 | D83: =IFERROR(N83/F83,0) -> 0 | E83: =IFERROR(D83/C83,0) -> 0 | F83: 0 | G83: =24-F83 -> 24 | H83: =F83/24 -> 0 | I83: =IFERROR(O83/K83,0) -> 498.27193 | J83: =IFERROR(I83/C83,0) -> 0.99654387 | K83: =F83+'06'!K83 -> 64.575556 | L83: =G83+'06'!L83 -> 103.42444 | M83: =K83/(24*7) -> 0.38437831 | N83: 0 | O83: =N83+'06'!O83 -> 32176.187 | Q83: 127.08333 | R83: 127.08333
A84: Вращающаяся печь №5 | B84: т/ч | C84: ='01'!C84 -> 0 | D84: =IFERROR(N84/F84,0) -> 0 | E84: =IFERROR(D84/C84,0) -> 0 | F84: 0 | G84: =24-F84 -> 24 | H84: =F84/24 -> 0 | I84: =IFERROR(O84/K84,0) -> 259.69099 | J84: =IFERROR(I84/C84,0) -> 0 | K84: =F84+'06'!K84 -> 64.9775 | L84: =G84+'06'!L84 -> 103.0225 | M84: =K84/(24*7) -> 0.38677083 | N84: 0 | O84: =N84+'06'!O84 -> 16874.071 | Q84: 127.08333 | R84: 127.08333
A85: ='01'!A85 -> Цементная мельница №1 | B85: т/ч | C85: ='01'!C85 -> 0 | D85: =IFERROR(N85/F85,0) -> 0 | E85: =IFERROR(D85/C85,0) -> 0 | F85: 0 | G85: =24-F85 -> 24 | H85: =F85/24 -> 0 | I85: =IFERROR(O85/K85,0) -> 0 | J85: =IFERROR(I85/C85,0) -> 0 | K85: =F85+'06'!K85 -> 0 | L85: =G85+'06'!L85 -> 168 | M85: =K85/(24*7) -> 0 | N85: 0 | O85: =N85+'06'!O85 -> 0
A86: ='01'!A86 -> Цементная мельница №2 | B86: т/ч | C86: ='01'!C86 -> 0 | D86: =IFERROR(N86/F86,0) -> 0 | E86: =IFERROR(D86/C86,0) -> 0 | F86: 0 | G86: =24-F86 -> 24 | H86: =F86/24 -> 0 | I86: =IFERROR(O86/K86,0) -> 0 | J86: =IFERROR(I86/C86,0) -> 0 | K86: =F86+'06'!K86 -> 0 | L86: =G86+'06'!L86 -> 144 | M86: =K86/(24*7) -> 0 | N86: 0 | O86: =N86+'06'!O86 -> 0
A87: ='01'!A87 -> Цементная мельница №3 | B87: т/ч | C87: ='01'!C87 -> 0 | D87: =IFERROR(N87/F87,0) -> 0 | E87: =IFERROR(D87/C87,0) -> 0 | F87: 0 | G87: =24-F87 -> 24 | H87: =F87/24 -> 0 | I87: =IFERROR(O87/K87,0) -> 0 | J87: =IFERROR(I87/C87,0) -> 0 | K87: =F87+'06'!K87 -> 0 | L87: =G87+'06'!L87 -> 144 | M87: =K87/(24*7) -> 0 | N87: 0 | O87: =N87+'06'!O87 -> 0
A88: ='01'!A88 -> Цементная мельница №4 | B88: т/ч | C88: ='01'!C88 -> 0 | D88: =IFERROR(N88/F88,0) -> 0 | E88: =IFERROR(D88/C88,0) -> 0 | F88: 0 | G88: =24-F88 -> 24 | H88: =F88/24 -> 0 | I88: =IFERROR(O88/K88,0) -> 0 | J88: =IFERROR(I88/C88,0) -> 0 | K88: =F88+'06'!K88 -> 0 | L88: =G88+'06'!L88 -> 144 | M88: =K88/(24*7) -> 0 | N88: 0 | O88: =N88+'06'!O88 -> 0
A89: Цементная мельница ШЦМ №5 | B89: т/ч | C89: ='01'!C89 -> 47 | D89: =IFERROR(N89/F89,0) -> 0 | E89: =IFERROR(D89/C89,0) -> 0 | F89: 0 | G89: =24-F89 -> 24 | H89: =F89/24 -> 0 | I89: =IFERROR(O89/K89,0) -> 41.420861 | J89: =IFERROR(I89/C89,0) -> 0.88129491 | K89: =F89+'06'!K89 -> 1.695 | L89: =G89+'06'!L89 -> 166.305 | M89: =K89/(24*7) -> 0.010089286 | N89: 0 | O89: =N89+'06'!O89 -> 70.208359 | Q89: 0 | R89: 0
A90: Цементная мельница ШЦМ №6 | B90: т/ч | C90: ='01'!C90 -> 47 | D90: =IFERROR(N90/F90,0) -> 0 | E90: =IFERROR(D90/C90,0) -> 0 | F90: 0 | G90: =24-F90 -> 24 | H90: =F90/24 -> 0 | I90: =IFERROR(O90/K90,0) -> 48.591763 | J90: =IFERROR(I90/C90,0) -> 1.0338673 | K90: =F90+'06'!K90 -> 32.664167 | L90: =G90+'06'!L90 -> 135.33583 | M90: =K90/(24*7) -> 0.19442956 | N90: 0 | O90: =N90+'06'!O90 -> 1587.2095 | Q90: 0 | R90: 0
A91: Цементная мельница №7 | B91: т/ч | C91: ='01'!C91 -> 0 | D91: =IFERROR(N91/F91,0) -> 0 | E91: =IFERROR(D91/C91,0) -> 0 | F91: 0 | G91: =24-F91 -> 24 | H91: =F91/24 -> 0 | I91: =IFERROR(O91/K91,0) -> 0 | J91: =IFERROR(I91/C91,0) -> 0 | K91: =F91+'06'!K91 -> 0 | L91: =G91+'06'!L91 -> 168 | M91: =K91/(24*7) -> 0 | N91: 0 | O91: =N91+'06'!O91 -> 0 | Q91: 0 | R91: 0
A92: Цементная мельница ВВЦМ №1 | B92: т/ч | C92: ='01'!C92 -> 156.40497 | D92: =IFERROR(N92/F92,0) -> 0 | E92: =IFERROR(D92/C92,0) -> 0 | F92: 0 | G92: =24-F92 -> 24 | H92: =F92/24 -> 0 | I92: =IFERROR(O92/K92,0) -> 140.11317 | J92: =IFERROR(I92/C92,0) -> 0.89583582 | K92: =F92+'06'!K92 -> 71.521667 | L92: =G92+'06'!L92 -> 96.478333 | M92: =K92/(24*7) -> 0.42572421 | N92: 0 | O92: =N92+'06'!O92 -> 10021.127 | Q92: 0 | R92: 0
A93: Цементная мельница ВВЦМ №2 | B93: т/ч | C93: ='01'!C93 -> 153.20426 | D93: =IFERROR(N93/F93,0) -> 0 | E93: =IFERROR(D93/C93,0) -> 0 | F93: 0 | G93: =24-F93 -> 24 | H93: =F93/24 -> 0 | I93: =IFERROR(O93/K93,0) -> 144.80399 | J93: =IFERROR(I93/C93,0) -> 0.94516947 | K93: =F93+'06'!K93 -> 64.288611 | L93: =G93+'06'!L93 -> 103.71139 | M93: =K93/(24*7) -> 0.3826703 | N93: 0 | O93: =N93+'06'!O93 -> 9309.2475 | Q93: 0 | R93: 0
A94: Ротоупаковочная машина №1 | B94: т/ч | C94: ='01'!C94 -> 60 | D94: =IFERROR(N94/F94,0) -> 0 | E94: =IFERROR(D94/C94,0) -> 0 | G94: =24-F94 -> 24 | H94: =F94/24 -> 0 | I94: =IFERROR(O94/K94,0) -> 89.046875 | J94: =IFERROR(I94/C94,0) -> 1.4841146 | K94: =F94+'06'!K94 -> 32 | L94: =G94+'06'!L94 -> 136 | M94: =K94/(24*7) -> 0.19047619 | N94: =E111+E120+E121+E122 -> 0 | O94: =N94+'06'!O94 -> 2849.5 | Q94: 56 | R94: 56
A95: Ротоупаковочная машина №2 | B95: т/ч | D95: =IFERROR(N95/F95,0) -> 0 | E95: =IFERROR(D95/C95,0) -> 0 | G95: =24-F95 -> 24 | H95: =F95/24 -> 0 | I95: =IFERROR(O95/K95,0) -> 142.05714 | J95: =IFERROR(I95/C95,0) -> 0 | K95: =F95+'06'!K95 -> 7 | L95: =G95+'06'!L95 -> 161 | M95: =K95/(24*7) -> 0.041666667 | N95: =E112+E114+E115+E118+E119 -> 0 | O95: =N95+'06'!O95 -> 994.4
A96: Отгрузка
A97: наименование | B97: ЕдИзм | C97: план на месяц | D97: за сутки | G97: с начала месяца
D99: план | E99: факт | F99: % | G99: план | H99: факт | I99: % | J99: план | K99: откл | L99: с начала месяца | N99: с начала года
A100: ВСЕГО | B100: т | C100: =C101+C110 -> 196140 | D100: =D101+D111 -> 5014 | E100: =E101+E110 -> 0 | F100: =IFERROR((E100/D100),0) -> 0 | G100: =G101+G110 -> 43382 | H100: =H101+H110 -> 19708.25 | I100: =IFERROR((H100/G100),0) -> 0.45429556 | M100: MTBF | O100: MTBF
A101: Навалом, в т.ч. | B101: т | C101: =SUM(C102:C109) -> 143308 | D101: =SUM(D102:D109) -> 5014 | E101: =SUM(E102:E109) -> 0 | F101: =IFERROR((E101/D101),0) -> 0 | G101: =SUM(G102:G109) -> 30641 | H101: =SUM(H102:H109) -> 15844.35 | I101: =IFERROR((H101/G101),0) -> 0.51709637 | L101: ВП №5 | N101: ВП №5
A102: ЦEМ II/B-K(З-И) 32,5H | B102: т | C102: ='01'!C102 -> 0 | D102: 0 | E102: 0 | F102: =IFERROR((E102/D102),0) -> 0 | G102: =D102+'06'!G102 -> 0 | H102: =E102+'06'!H102 -> 0 | I102: =IFERROR((H102/G102),0) -> 0
A103: AMD - 1000 | B103: т | C103: ='01'!C103 -> 11500 | D103: 345 | E103: 0 | F103: =IFERROR((E103/D103),0) -> 0 | G103: =D103+'06'!G103 -> 2485 | H103: =E103+'06'!H103 -> 0 | I103: =IFERROR((H103/G103),0) -> 0
A104: ЦЕМ I 52.5Н | B104: т | C104: ='01'!C104 -> 127150 | D104: 4556 | E104: 0 | F104: =IFERROR((E104/D104),0) -> 0 | G104: =D104+'06'!G104 -> 27218 | H104: =E104+'06'!H104 -> 12980.25 | I104: =IFERROR((H104/G104),0) -> 0.47689948
...

Sheet 08
A1: =CONCATENATE("Ежедневный отчет производства и отгрузки за 08 ",Q1) -> Ежедневный отчет производства и отгрузки за 08 август | Q1: август
Q2: 31
A3: Наименование | B3: ЕдИзм | C3: План на месяц | D3: Остатки на складе на начало месяца | E3: Производство/поступление | J3: Отгружено со склада/отпущено в производство/перемещение | L3: Остаток на складе на конец суток | M3: Акты ОКК о переводе марок/перемещение между складами | N3: Перемещения | O3: Комментарии
E4: план на сутки | F4: факт за сутки | G4: план с начала месяца | H4: факт с начала месяца | I4: % | J4: факт за сутки | K4: факт с начала месяца
A5: Клинкер всего | B5: т | C5: =C6+C9 -> 160800 | D5: =D6+D9+D8 -> 143025.21 | E5: =E6+E9 -> 6700 | F5: =F6+F9 -> 0 | G5: =G6+G9 -> 53600 | H5: =H6+H9 -> 16874.071 | I5: =IFERROR((H5/G5),0) -> 0.31481476 | J5: =J6+J9 -> 0 | K5: =K6+K9+K8 -> 17027.104 | L5: =L6+L9+L8 -> 142872.18
A6: Клинкер грейферный склад | B6: т | C6: ='01'!C6 -> 0 | D6: ='01'!D6 -> 15952.92 | E6: 0 | G6: =E6+'07'!G6 -> 0 | H6: =F6+'07'!H6 -> 6671.6154 | K6: =J6+'07'!K6 -> 0 | L6: =D6+H6-K6-M6-N6 -> 22624.535 | N6: 0
A7: Клинкер некондиция (шихта) | B7: т | D7: ='01'!D7 -> 0 | F7: 0 | H7: =F7+'07'!H7 -> 0 | K7: =J7+'07'!K7 -> 0 | L7: =D7+H7-K7-M7-N7 -> 0
A8: клинкер некондиционный склад БСУ | B8: т | D8: ='01'!D8 -> 0 | H8: =F8+'07'!H8 -> 0 | K8: =J8+'07'!K8 -> 0 | L8: =D8+H8-K8 -> 0
A9: Клинкер сухой линии в т.ч.: | B9: т | C9: ='01'!C9 -> 160800 | D9: ='01'!D9 -> 127072.29 | E9: 6700 | F9: =F10+F11+F8+F12+F13 -> 0 | G9: =E9+'07'!G9 -> 53600 | H9: =F9+'07'!H9 -> 10202.456 | I9: =IFERROR((H9/G9),0) -> 0.19034433 | J9: =J10+J11+J12+J13 -> 0 | K9: =J9+'07'!K9 -> 17027.104 | L9: =D9+H9-K9+M9+N9 -> 120247.65 | N9: 0 | Q9: -23266.572 | R9: =J9-Q9 -> 23266.572
A10: клинкер в силосе | B10: т | D10: ='01'!D10 -> 56300.274 | F10: 0 | G10: =E10+'07'!G10 -> 0 | H10: =F10+'07'!H10 -> 10202.456 | J10: 0 | K10: =J10+'07'!K10 -> 17027.104 | L10: =D10+H10-K10+M10-N10 -> 49475.626
A11: Клинкер СС грейферный склад | B11: т | D11: ='01'!D11 -> 18224.017 | G11: =E11+'07'!G11 -> 0 | H11: =F11+'07'!H11 -> 0 | J11: 0 | K11: =J11+'07'!K11 -> 0 | L11: =D11+H11-K11+M11-N11 -> 18224.017
A12: клинкер на площадку (за шатровый склад) | B12: т | D12: ='01'!D12 -> 52548.003 | E12: =C12/31 -> 0 | G12: =E12+'07'!G12 -> 0 | H12: =F12+'07'!H12 -> 0 | I12: =IFERROR((H12/G12),0) -> 0 | K12: =J12+'07'!K12 -> 0 | L12: =D12+H12-K12+M12-N12 -> 52548.003
A13: клинкер на площадку (лессовый) | B13: т | D13: ='01'!D13 -> 0 | H13: =F13+'07'!H13 -> 0 | K13: =J13+'07'!K13 -> 0 | L13: =D13+H13-K13+M13-N13 -> 0
A14: Цемент в силосах всего, в том числе: | B14: т | C14: =SUM(C15:C21) -> 195040 | D14: ='01'!D14 -> 25904.614 | E14: =SUM(E15:E21) -> 6292 | F14: =SUM(F15:F21) -> 0 | G14: =SUM(G15:G21) -> 49449 | H14: =SUM(H15:H21) -> 18857.688 | I14: =IFERROR((H14/G14),0) -> 0.38135631 | J14: =SUM(J15:J21) -> 0 | K14: =SUM(K15:K21) -> 18951.05 | L14: =SUM(L15:L21) -> 25811.253 | S14: Клинкер фактор | T14: =J5/F14 -> #DIV/0!
A15: ЦЕМ II/А-Г 32.5Н | B15: т | C15: ='01'!C15 -> 0 | D15: ='01'!D15 -> 0 | E15: 0 | F15: 0 | G15: =E15+'07'!G15 -> 0 | H15: =F15+'07'!H15 -> 0 | I15: =IFERROR((H15/G15),0) -> 0 | J15: 0 | K15: =J15+'07'!K15 -> 0 | L15: =D15+H15-K15+M15 -> 0
A16: ЦEМ II/B-K(З-И) 42,5H | B16: т | C16: ='01'!C16 -> 44352 | D16: ='01'!D16 -> 6069.3573 | E16: 1430.7977 | F16: 0 | G16: =E16+'07'!G16 -> 11244.678 | H16: =F16+'07'!H16 -> 3228.5002 | I16: =IFERROR((H16/G16),0) -> 0.28711362 | J16: =IFERROR(SUMIF(A101:A114,A16,E101:E114),0)+E111+E112+E113 -> 0 | K16: =J16+'07'!K16 -> 3320.85 | L16: =D16+H16-K16+M16 -> 5977.0075
A17: AMD - 1000 | B17: т | C17: ='01'!C17 -> 0 | D17: ='01'!D17 -> 483.2374 | E17: 0 | F17: 0 | G17: =E17+'07'!G17 -> 0 | H17: =F17+'07'!H17 -> 0 | I17: =IFERROR((H17/G17),0) -> 0 | J17: =IFERROR(SUMIF(A102:A115,A17,E102:E115),0)+E116+E119+E121+E114 -> 0 | K17: =J17+'07'!K17 -> 0 | L17: =D17+H17-K17+M17 -> 483.2374 | S17: Коэф. мука-клинкер | T17: =O51/F5 -> #DIV/0!
A18: ЦEМ II/B-K(З-И) 32,5H | B18: т | C18: ='01'!C18 -> 1360 | D18: ='01'!D18 -> 3183.2381 | G18: =E18+'07'!G18 -> 0 | H18: =F18+'07'!H18 -> 0 | I18: =IFERROR((H18/G18),0) -> 0 | J18: =IFERROR(SUMIF(A102:A115,A18,E102:E115),0)+E118+E120 -> 0 | K18: =J18+'07'!K18 -> 0 | L18: =D18+H18-K18-M18 -> 3183.2381
A19: ='01'!A19 -> ЦЕМ I 52.5Н | B19: т | C19: ='01'!C19 -> 145770 | D19: ='01'!D19 -> 12764.734 | E19: 4702.5474 | F19: 0 | G19: =E19+'07'!G19 -> 36957.448 | H19: =F19+'07'!H19 -> 15629.188 | I19: =IFERROR((H19/G19),0) -> 0.42289684 | J19: =IFERROR(SUMIF(A102:A115,A19,E102:E115),0)+E117+E115+E122 -> 0 | K19: =J19+'07'!K19 -> 14803.6 | L19: =D19+H19-K19+M19 -> 13590.322
A20: ЦЕМ I 42.5Н СС | B20: т | C20: ='01'!C20 -> 3558 | D20: ='01'!D20 -> 3404.048 | E20: 114.78126 | F20: 0 | G20: =E20+'07'!G20 -> 902.06902 | H20: =F20+'07'!H20 -> 0 | I20: =IFERROR((H20/G20),0) -> 0 | J20: =IFERROR(SUMIF(A102:A115,A20,E102:E115),0) -> 0 | K20: =J20+'07'!K20 -> 826.6 | L20: =D20+H20-K20+M20 -> 2577.448
A21: ='01'!A21 -> ЦЕМ I 42.5Н | B21: т | C21: ='01'!C21 -> 0 | D21: ='01'!D21 -> 8.7766239e-11 | E21: 43.873667 | F21: 0 | G21: =E21+'07'!G21 -> 344.80435 | H21: =F21+'07'!H21 -> 0 | I21: =IFERROR((H21/G21),0) -> 0 | J21: =IFERROR(SUMIF(A102:A115,A21,E102:E115),0) -> 0 | K21: =J21+'07'!K21 -> 0 | L21: =D21+H21-K21+M21 -> 8.7766239e-11
A22: AMD - 6 (навал) | C22: ='01'!C22 -> 1100 | D22: ='01'!D22 -> 2833.7506 | E22: 0 | F22: 0 | G22: =E22+'07'!G22 -> 0 | H22: =F22+'07'!H22 -> 2130.1045 | J22: =IFERROR(SUMIF(A103:A123,A22,E103:E123),0)+E109 -> 0 | K22: =J22+'07'!K22 -> 757.2 | L22: =D22+H22-K22+M22 -> 4206.6551
A23: Тара: МКР | B23: т | C23: ='01'!C23 -> 0 | D23: ='01'!D23 -> 52 | E23: 0 | F23: =SUM(F24:F29) -> 0 | G23: =E23+'07'!G23 -> 0 | H23: =SUM(H24:H29) -> 0 | I23: =IFERROR((H23/G23),0) -> 0 | J23: =SUM(J24:J29) -> 0 | K23: =J23+'07'!K23 -> 20 | L23: =D23+H23-K23+M23 -> 32
A24: ЦЕМ II/А-К (З-И) 42,5Н | B24: т | D24: ='01'!D24 -> 0 | F24: 0 | G24: =E24+'07'!G24 -> 0 | H24: =F24+'07'!H24 -> 0 | J24: 0 | K24: =J24+'07'!K24 -> 0 | L24: =D24+H24-K24+M24 -> 0
A25: ЦEМ II/B-K(З-И) 32,5H | B25: т | D25: ='01'!D25 -> 16 | F25: 0 | G25: =E25+'07'!G25 -> 0 | H25: =F25+'07'!H25 -> 0 | J25: 0 | K25: =J25+'07'!K25 -> 20 | L25: =D25+H25-K25+M25 -> -4
A26: ='01'!A26 -> ЦEМ I 52,5H Портландцемент (МКР) | B26: т | D26: ='01'!D26 -> 36 | F26: 0 | G26: =E26+'07'!G26 -> 0 | H26: =F26+'07'!H26 -> 0 | J26: 0 | K26: =J26+'07'!K26 -> 0 | L26: =D26+H26-K26+M26 -> 36
A27: ='01'!A27 -> ЦЕМ I 42.5Н | B27: т | D27: ='01'!D27 -> 0 | F27: 0 | G27: =E27+'07'!G27 -> 0 | H27: =F27+'07'!H27 -> 0 | K27: =J27+'07'!K27 -> 0 | L27: =D27+H27-K27+M27 -> 0
B28: т | F28: =J28 -> 0 | G28: =E28+'07'!G28 -> 0 | H28: =F28+'07'!H28 -> 0 | K28: =J28+'07'!K28 -> 0 | L28: =D28+H28-K28+M28 -> 0
B29: т | F29: =J29 -> 0 | G29: =E29+'07'!G29 -> 0 | H29: =F29+'07'!H29 -> 0 | K29: =J29+'07'!K29 -> 0 | L29: =D29+H29-K29+M29 -> 0
A30: Тара: паллеты | B30: т | D30: ='01'!D30 -> 1513.6 | F30: =SUM(F31:F37) -> 0 | G30: =E30+'07'!G30 -> 0 | H30: =SUM(H31:H37) -> 554.4 | I30: =IFERROR((H30/G30),0) -> 0 | J30: =SUM(J31:J37) -> 0 | K30: =J30+'07'!K30 -> 994.4 | L30: =D30+H30-K30+M30 -> 1073.6
A31: ЦЕМ II/А-К (З-И) 42,5Н | B31: т | D31: ='01'!D31 -> 0 | F31: 0 | G31: =E31+'07'!G31 -> 0 | H31: =F31+'07'!H31 -> 0 | J31: 0 | K31: =J31+'07'!K31 -> 0 | L31: =D31+H31-K31+M31 -> 0
A32: ЦEМ II/B-K(З-И) 42,5H | B32: т | D32: ='01'!D32 -> 1508.32 | F32: 0 | G32: =E32+'07'!G32 -> 0 | H32: =F32+'07'!H32 -> 554.4 | J32: 0 | K32: =J32+'07'!K32 -> 994.4 | L32: =D32+H32-K32+M32 -> 1068.32
A33: ='01'!A33 -> ЦЕМ I 52.5Н | B33: т | D33: ='01'!D33 -> 5.28 | F33: 0 | G33: =E33+'07'!G33 -> 0 | H33: =F33+'07'!H33 -> 0 | J33: 0 | K33: =J33+'07'!K33 -> 0 | L33: =D33+H33-K33+M33 -> 5.28
A34: ='01'!A34 -> ЦЕМ I 42.5Н | B34: т | D34: ='01'!D34 -> 0 | F34: 0 | G34: =E34+'07'!G34 -> 0 | H34: =F34+'07'!H34 -> 0 | K34: =J34+'07'!K34 -> 0 | L34: =D34+H34-K34+M34 -> 0
B35: т | F35: =J35 -> 0 | G35: =E35+'07'!G35 -> 0 | H35: =F35+'07'!H35 -> 0 | K35: =J35+'07'!K35 -> 0 | L35: =D35+H35-K35+M35 -> 0
A36: Песок природный | B36: т | C36: ='01'!C36 -> 3500 | D36: ='01'!D36 -> 1673.24 | F36: =J36 -> 0 | G36: =E36+'07'!G36 -> 0 | H36: =F36+'07'!H36 -> 0 | J36: 0 | K36: =J36+'07'!K36 -> 0 | L36: =D36+H36-K36+M36 -> 1673.24
A37: Щебень фракции 5-20 | B37: т | C37: ='01'!C37 -> 0 | D37: ='01'!D37 -> 294.64 | F37: =J37 -> 0 | G37: =E37+'07'!G37 -> 0 | H37: =F37+'07'!H37 -> 0 | J37: 0 | K37: =J37+'07'!K37 -> 0 | L37: =D37+H37-K37+M37 -> 294.64
A38: Известняк общий: | B38: т | C38: ='01'!C38 -> 153958.11 | D38: ='01'!D38 -> 1756.983 | E38: =C38/31 -> 4966.3906 | F38: =SUM(F39:F42) -> 0 | G38: =E38+'07'!G38 -> 39731.124 | H38: =F38+'07'!H38 -> 9132.5708 | I38: =IFERROR((H38/G38),0) -> 0.22985936 | J38: =SUM(J39:J40) -> 0 | K38: =J38+'07'!K38 -> 9083.5708 | L38: =D38+H38-K38 -> 1805.983
A39: известняк на шатровый склад | B39: т | F39: 0 | H39: =F39+'07'!H39 -> 6840.5708 | J39: =F39 -> 0 | K39: =J39+'07'!K39 -> 6840.5708
A40: известняк на помол | B40: т | F40: 0 | H40: =F40+'07'!H40 -> 2292 | J40: 0 | K40: =J40+'07'!K40 -> 2243
A41: известняк на цемент мокрый | B41: т | H41: =F41+'07'!H41 -> 0 | K41: =J41+'07'!K41 -> 0
A42: известняк на цемент сухой | B42: т | H42: =F42+'07'!H42 -> 0 | K42: =J42+'07'!K42 -> 0
A43: Мергель | B43: т | C43: ='01'!C43 -> 96601.879 | E43: =C43/30 -> 3220.0626 | F43: 0 | G43: =E43+'07'!G43 -> 25760.501 | H43: =F43+'07'!H43 -> 8403.8 | I43: =IFERROR((H43/G43),0) -> 0.32622813 | J43: =F43 -> 0 | K43: =J43+'07'!K43 -> 8403.8 | L43: =D43+H43-K43 -> 0
A44: Глина (лёсс) всего: | B44: т | C44: ='01'!C44 -> 40846.933 | D44: ='01'!D44 -> 3759.4565 | E44: =C44/30 -> 1361.5644 | F44: 0 | G44: =E44+'07'!G44 -> 10892.515 | H44: =F44+'07'!H44 -> 7255 | I44: =IFERROR((H44/G44),0) -> 0.66605368 | J44: 0 | K44: =J44+'07'!K44 -> 4780.2486 | L44: =D44+H44-K44 -> 6234.2079
A45: лесс на мокрый | F45: 0 | H45: =F45+'07'!H45 -> 0 | K45: =J45+'07'!K45 -> 0
A46: лесс на сухой | H46: =F46+'07'!H46 -> 0 | K46: =J46+'07'!K46 -> 0
A47: лесс корректировочный | H47: =F47+'07'!H47 -> 0 | K47: =J47+'07'!K47 -> 0
A48: Сырьевая смесь | B48: т | C48: ='01'!C48 -> 238663.47 | D48: ='01'!D48 -> 14554.972 | E48: =C48/30 -> 7955.4488 | F48: 0 | G48: =E48+'07'!G48 -> 63643.591 | H48: =F48+'07'!H48 -> 15244.371 | I48: =IFERROR((H48/G48),0) -> 0.2395272 | J48: 0 | K48: =J48+'07'!K48 -> 27730.382 | L48: =D48+H48-K48 -> 2068.961
A49: Сырьевая мука, в т.ч.: | B49: т | C49: =C50+C51 -> 256898.95 | D49: =D50+D51 -> 6890.392 | E49: =SUM(E50:E51) -> 10898.95 | F49: =SUM(F50:F51) -> 0 | G49: =SUM(G50:G51) -> 85898.95 | H49: =SUM(H50:H51) -> 32176.187 | I49: =IFERROR((H49/G49),0) -> 0.37458184 | J49: =SUM(J50:J51) -> 0 | K49: =SUM(K50:K51) -> 26069.181 | L49: =D49+H49-K49+M49 -> 12997.398
A50: Производства №1 | B50: т | C50: ='01'!C50 -> 0 | D50: ='01'!D50 -> 2323.23 | E50: 0 | G50: =E50+'07'!G50 -> 0 | H50: =F50+'07'!H50 -> 0 | I50: =IFERROR((H50/G50),0) -> 0 | K50: =J50+'07'!K50 -> 0 | L50: =D50+H50-K50+M50 -> 2323.23
A51: Производства №2 | B51: т | C51: ='01'!C51 -> 256898.95 | D51: ='01'!D51 -> 4567.162 | E51: 10898.95 | F51: 0 | G51: =E51+'07'!G51 -> 85898.95 | H51: =F51+'07'!H51 -> 32176.187 | I51: =IFERROR((H51/G51),0) -> 0.37458184 | J51: =O51-P51 -> 0 | K51: =J51+'07'!K51 -> 26069.181 | L51: =D51+H51-K51+M51 -> 10674.168 | O51: 0 | P51: =O51*0.055 -> 0 | Y51: гипс | Z51: =L54 -> 12209.579
A52: Покупное сырье всего, в т.ч.: | B52: т | C52: ='01'!C52 -> 0 | D52: ='01'!D52 -> 0 | Y52: огарка | Z52: =L55 -> 2640.604
A53: Глиеж | B53: т | C53: ='01'!C53 -> 0 | D53: ='01'!D53 -> 0 | E53: =C53/$Q$2 -> 0 | F53: 0 | G53: =E53+'07'!G53 -> 0 | H53: =F53+'07'!H53 -> 0 | I53: =IFERROR((H53/G53),0) -> 0 | K53: =J53+'07'!K53 -> 0 | L53: =D53+H53-K53 -> 0
A54: Гипс | B54: т | C54: ='01'!C54 -> 10000 | D54: ='01'!D54 -> 13684.916 | E54: =C54/$Q$2 -> 322.58065 | F54: 0 | G54: =E54+'07'!G54 -> 2580.6452 | H54: =F54+'07'!H54 -> 0 | I54: =IFERROR((H54/G54),0) -> 0 | J54: 0 | K54: =J54+'07'!K54 -> 1475.3367 | L54: =D54+H54-K54 -> 12209.579 | Y54: уголь | Z54: =L63 -> 5722.7924
A55: Добавки железосодержащие(Консенсус) | B55: т | C55: ='01'!C55 -> 17000 | D55: ='01'!D55 -> 3999.5666 | E55: =C55/$Q$2 -> 548.3871 | F55: 0 | G55: =E55+'07'!G55 -> 4387.0968 | H55: =F55+'07'!H55 -> 0 | I55: =IFERROR((H55/G55),0) -> 0 | J55: 0 | K55: =J55+'07'!K55 -> 1358.9626 | L55: =D55+H55-K55 -> 2640.604 | R55: =D55+H55-K55 -> 2640.604 | Y55: золошлак | Z55: =L58 -> 3480.6938
A56: Каолин | B56: т | C56: ='01'!C56 -> 0 | D56: ='01'!D56 -> 0 | E56: =C56/$Q$2 -> 0 | F56: 0 | G56: =E56+'07'!G56 -> 0 | H56: =F56+'07'!H56 -> 0 | I56: =IFERROR((H56/G56),0) -> 0 | K56: =J56+'07'!K56 -> 0 | L56: =D56+H56-K56 -> 0
A57: Фосфозол | B57: т | C57: ='01'!C57 -> 0 | D57: ='01'!D57 -> 178.075 | E57: =C57/$Q$2 -> 0 | F57: 0 | G57: =E57+'07'!G57 -> 0 | H57: =F57+'07'!H57 -> 0 | I57: =IFERROR((H57/G57),0) -> 0 | K57: =J57+'07'!K57 -> 0 | L57: =D57+H57-K57 -> 178.075 | Y57: песок | Z57: =L59 -> 4269.088
A58: Золошлак | B58: т | C58: ='01'!C58 -> 0 | D58: ='01'!D58 -> 3480.6938 | E58: =C58/$Q$2 -> 0 | F58: 0 | G58: =E58+'07'!G58 -> 0 | H58: =F58+'07'!H58 -> 0 | I58: =IFERROR((H58/G58),0) -> 0 | J58: 0 | K58: =J58+'07'!K58 -> 0 | L58: =D58+H58-K58 -> 3480.6938 | Y58: руда | Z58: =L62 -> 1531.725
A59: Песок мелкозернистый | B59: т | D59: ='01'!D59 -> 4269.088 | F59: 0 | H59: =F59+'07'!H59 -> 0 | K59: =J59+'07'!K59 -> 0 | L59: =D59+H59-K59 -> 4269.088
A60: Интенсификатор помола | B60: т | D60: ='01'!D60 -> 0 | F60: 0 | H60: =F60+'07'!H60 -> 0 | K60: =J60+'07'!K60 -> 0 | L60: =D60+H60-K60 -> 0
A61: Вторичный цемент | B61: т | D61: ='01'!D61 -> 1063.653 | H61: =F61+'07'!H61 -> 0 | J61: =D139+D141 -> 0 | K61: =J61+'07'!K61 -> 0 | L61: =D61+H61-K61 -> 1063.653
A62: Железосодержащая руда | B62: т | D62: ='01'!D62 -> 1531.725 | F62: 0 | H62: =F62+'07'!H62 -> 0 | J62: 0 | K62: =J62+'07'!K62 -> 0 | L62: =D62+H62-K62 -> 1531.725
A63: Уголь каменный | B63: т | C63: ='01'!C63 -> 30000 | D63: =SUM(D64:D71) -> 4405.6172 | F63: 0 | H63: =F63+'07'!H63 -> 3329.15 | J63: 0 | K63: =J63+'07'!K63 -> 2011.9748 | L63: =D63+H63-K63 -> 5722.7924
A64: Уголь (Шубарколь премиум) | B64: т | D64: ='01'!D64 -> 452.58776 | H64: =F64+'07'!H64 -> 0 | K64: =J64+'07'!K64 -> 0 | L64: =D64+H64-K64 -> 452.58776
A65: Уголь (Izzatullo kamoli) | B65: т | D65: ='01'!D65 -> 0 | H65: =F65+'07'!H65 -> 0 | K65: =J65+'07'!K65 -> 0 | L65: =D65+H65-K65 -> 0
A66: Уголь Киргизия (D-G Logistic) | B66: т | D66: ='01'!D66 -> 0 | H66: =F66+'07'!H66 -> 0 | K66: =J66+'07'!K66 -> 0 | L66: =D66+H66-K66 -> 0
A67: Уголь Кара-жыра (Brandcoal) | B67: т | D67: ='01'!D67 -> 243.8 | H67: =F67+'07'!H67 -> 0 | K67: =J67+'07'!K67 -> 0 | L67: =D67+H67-K67 -> 243.8
A68: Уголь (Euro eco garden) | B68: т | D68: ='01'!D68 -> 0 | H68: =F68+'07'!H68 -> 0 | K68: =J68+'07'!K68 -> 0 | L68: =D68+H68-K68 -> 0
A69: Уголь (Komir Savdo Brand) | B69: т | D69: ='01'!D69 -> -14212.944 | H69: =F69+'07'!H69 -> 0 | J69: 0 | K69: =J69+'07'!K69 -> 2011.9748 | L69: =D69+H69-K69 -> -16224.919
A70: Уголь (Жалын кумир) | B70: т | D70: ='01'!D70 -> 17922.174 | F70: 0 | H70: =F70+'07'!H70 -> 3329.15 | K70: =J70+'07'!K70 -> 0 | L70: =D70+H70-K70 -> 21251.324
A71: Уголь (Shargun Komir) | B71: т | D71: ='01'!D71 -> 0 | H71: =F71+'07'!H71 -> 0 | K71: =J71+'07'!K71 -> 0 | L71: =D71+H71-K71 -> 0
A72: Форсуночное топливо | B72: т | D72: ='01'!D72 -> 145.84215 | F72: =N82 -> 0 | H72: =F72+'07'!H72 -> 1911.376 | J72: =K131 -> 0 | K72: =J72+'07'!K72 -> 1866.5616 | L72: =D72+H72-K72 -> 190.65658
A73: Дизельное топливо | D73: ='01'!D73 -> 0 | H73: =F73+'07'!H73 -> 0 | K73: =J73+'07'!K73 -> 0 | L73: =D73+H73-K73 -> 0
A77: Работа основного оборудования
A78: наименование | B78: ЕдИзм | C78: планируемая мощность | D78: факт за сутки | I78: факт с начала месяца | N78: Производства | P78: Комментарии
D79: фактическая мощность за сутки | E79: загрузка производственных мощностей | F79: время работы | G79: простой | H79: надежность | I79: фактическая мощность с начала месяца | J79: загрузка производственных мощностей | K79: время работы | L79: простой | M79: надежность | N79: факт за сутки | O79: факт с начала месяца | Q79: план сутки | R79: план с начала месяца
A80: Вращающаяся печь №1 | B80: т/ч | C80: ='01'!C80 -> 0 | D80: #DIV/0! | E80: =IFERROR(D80/C80,0) -> 0 | F80: 0 | G80: =24-F80 -> 24 | H80: =F80/24 -> 0 | I80: #DIV/0! | J80: =IFERROR(I80/C80,0) -> 0 | K80: 0 | L80: =24*8-K80 -> 192 | M80: =K80/(24*8) -> 0 | O80: =N80+'07'!O80 -> 0 | Q80: 125 | R80: 125
A81: Вращающаяся печь №2 | B81: т/ч | C81: ='01'!C81 -> 0 | D81: #DIV/0! | E81: =IFERROR(D81/C81,0) -> 0 | F81: 0 | G81: =24-F81 -> 24 | H81: =F81/24 -> 0 | I81: #DIV/0! | J81: =IFERROR(I81/C81,0) -> 0 | K81: 0 | L81: =24*8-K81 -> 192 | M81: =K81/(24*8) -> 0 | O81: =N81+'07'!O81 -> 0 | Q81: 127.08333 | R81: 127.08333
A82: Угольная мельница | B82: т/ч | C82: ='01'!C82 -> 45 | D82: =IFERROR(N82/F82,0) -> 0 | E82: =IFERROR(D82/C82,0) -> 0 | F82: 0 | G82: =24-F82 -> 24 | H82: =F82/24 -> 0 | I82: =IFERROR(O82/K82,0) -> 43.535461 | J82: =IFERROR(I82/C82,0) -> 0.96745469 | K82: =F82+'07'!K82 -> 43.903889 | L82: =24*8-K82 -> 148.09611 | M82: =K82/(24*8) -> 0.22866609 | N82: 0 | O82: =N82+'07'!O82 -> 1911.376 | Q82: 127.08333 | R82: 127.08333
A83: Сырьевая мельница ВВСМ №7 | B83: т/ч | C83: ='01'!C83 -> 500 | D83: =IFERROR(N83/F83,0) -> 0 | E83: =IFERROR(D83/C83,0) -> 0 | F83: 0 | G83: =24-F83 -> 24 | H83: =F83/24 -> 0 | I83: =IFERROR(O83/K83,0) -> 498.27193 | J83: =IFERROR(I83/C83,0) -> 0.99654387 | K83: =F83+'07'!K83 -> 64.575556 | L83: =G83+'07'!L83 -> 127.42444 | M83: =K83/(24*8) -> 0.33633102 | N83: 0 | O83: =N83+'07'!O83 -> 32176.187 | Q83: 127.08333 | R83: 127.08333
A84: Вращающаяся печь №5 | B84: т/ч | C84: ='01'!C84 -> 0 | D84: =IFERROR(N84/F84,0) -> 0 | E84: =IFERROR(D84/C84,0) -> 0 | F84: 0 | G84: =24-F84 -> 24 | H84: =F84/24 -> 0 | I84: =IFERROR(O84/K84,0) -> 259.69099 | J84: =IFERROR(I84/C84,0) -> 0 | K84: =F84+'07'!K84 -> 64.9775 | L84: =G84+'07'!L84 -> 127.0225 | M84: =K84/(24*8) -> 0.33842448 | N84: 0 | O84: =N84+'07'!O84 -> 16874.071 | Q84: 127.08333 | R84: 127.08333
A85: ='01'!A85 -> Цементная мельница №1 | B85: т/ч | C85: ='01'!C85 -> 0 | D85: =IFERROR(N85/F85,0) -> 0 | E85: =IFERROR(D85/C85,0) -> 0 | F85: 0 | G85: =24-F85 -> 24 | H85: =F85/24 -> 0 | I85: =IFERROR(O85/K85,0) -> 0 | J85: =IFERROR(I85/C85,0) -> 0 | K85: =F85+'07'!K85 -> 0 | L85: =G85+'07'!L85 -> 192 | M85: =K85/(24*8) -> 0 | N85: 0 | O85: =N85+'07'!O85 -> 0
A86: ='01'!A86 -> Цементная мельница №2 | B86: т/ч | C86: ='01'!C86 -> 0 | D86: =IFERROR(N86/F86,0) -> 0 | E86: =IFERROR(D86/C86,0) -> 0 | F86: 0 | G86: =24-F86 -> 24 | H86: =F86/24 -> 0 | I86: =IFERROR(O86/K86,0) -> 0 | J86: =IFERROR(I86/C86,0) -> 0 | K86: =F86+'07'!K86 -> 0 | L86: =G86+'07'!L86 -> 168 | M86: =K86/(24*8) -> 0 | N86: 0 | O86: =N86+'07'!O86 -> 0
A87: ='01'!A87 -> Цементная мельница №3 | B87: т/ч | C87: ='01'!C87 -> 0 | D87: =IFERROR(N87/F87,0) -> 0 | E87: =IFERROR(D87/C87,0) -> 0 | F87: 0 | G87: =24-F87 -> 24 | H87: =F87/24 -> 0 | I87: =IFERROR(O87/K87,0) -> 0 | J87: =IFERROR(I87/C87,0) -> 0 | K87: =F87+'07'!K87 -> 0 | L87: =G87+'07'!L87 -> 168 | M87: =K87/(24*8) -> 0 | N87: 0 | O87: =N87+'07'!O87 -> 0
A88: ='01'!A88 -> Цементная мельница №4 | B88: т/ч | C88: ='01'!C88 -> 0 | D88: =IFERROR(N88/F88,0) -> 0 | E88: =IFERROR(D88/C88,0) -> 0 | F88: 0 | G88: =24-F88 -> 24 | H88: =F88/24 -> 0 | I88: =IFERROR(O88/K88,0) -> 0 | J88: =IFERROR(I88/C88,0) -> 0 | K88: =F88+'07'!K88 -> 0 | L88: =G88+'07'!L88 -> 168 | M88: =K88/(24*8) -> 0 | N88: 0 | O88: =N88+'07'!O88 -> 0
A89: Цементная мельница ШЦМ №5 | B89: т/ч | C89: ='01'!C89 -> 47 | D89: =IFERROR(N89/F89,0) -> 0 | E89: =IFERROR(D89/C89,0) -> 0 | F89: 0 | G89: =24-F89 -> 24 | H89: =F89/24 -> 0 | I89: =IFERROR(O89/K89,0) -> 41.420861 | J89: =IFERROR(I89/C89,0) -> 0.88129491 | K89: =F89+'07'!K89 -> 1.695 | L89: =G89+'07'!L89 -> 190.305 | M89: =K89/(24*8) -> 0.008828125 | N89: 0 | O89: =N89+'07'!O89 -> 70.208359 | Q89: 0 | R89: 0
A90: Цементная мельница ШЦМ №6 | B90: т/ч | C90: ='01'!C90 -> 47 | D90: =IFERROR(N90/F90,0) -> 0 | E90: =IFERROR(D90/C90,0) -> 0 | F90: 0 | G90: =24-F90 -> 24 | H90: =F90/24 -> 0 | I90: =IFERROR(O90/K90,0) -> 48.591763 | J90: =IFERROR(I90/C90,0) -> 1.0338673 | K90: =F90+'07'!K90 -> 32.664167 | L90: =G90+'07'!L90 -> 159.33583 | M90: =K90/(24*8) -> 0.17012587 | N90: 0 | O90: =N90+'07'!O90 -> 1587.2095 | Q90: 0 | R90: 0
A91: Цементная мельница №7 | B91: т/ч | C91: ='01'!C91 -> 0 | D91: =IFERROR(N91/F91,0) -> 0 | E91: =IFERROR(D91/C91,0) -> 0 | F91: 0 | G91: =24-F91 -> 24 | H91: =F91/24 -> 0 | I91: =IFERROR(O91/K91,0) -> 0 | J91: =IFERROR(I91/C91,0) -> 0 | K91: =F91+'07'!K91 -> 0 | L91: =G91+'07'!L91 -> 192 | M91: =K91/(24*8) -> 0 | N91: 0 | O91: =N91+'07'!O91 -> 0 | Q91: 0 | R91: 0
A92: Цементная мельница ВВЦМ №1 | B92: т/ч | C92: ='01'!C92 -> 156.40497 | D92: =IFERROR(N92/F92,0) -> 0 | E92: =IFERROR(D92/C92,0) -> 0 | F92: 0 | G92: =24-F92 -> 24 | H92: =F92/24 -> 0 | I92: =IFERROR(O92/K92,0) -> 140.11317 | J92: =IFERROR(I92/C92,0) -> 0.89583582 | K92: =F92+'07'!K92 -> 71.521667 | L92: =G92+'07'!L92 -> 120.47833 | M92: =K92/(24*8) -> 0.37250868 | N92: 0 | O92: =N92+'07'!O92 -> 10021.127 | Q92: 0 | R92: 0
A93: Цементная мельница ВВЦМ №2 | B93: т/ч | C93: ='01'!C93 -> 153.20426 | D93: =IFERROR(N93/F93,0) -> 0 | E93: =IFERROR(D93/C93,0) -> 0 | F93: 0 | G93: =24-F93 -> 24 | H93: =F93/24 -> 0 | I93: =IFERROR(O93/K93,0) -> 144.80399 | J93: =IFERROR(I93/C93,0) -> 0.94516947 | K93: =F93+'07'!K93 -> 64.288611 | L93: =G93+'07'!L93 -> 127.71139 | M93: =K93/(24*8) -> 0.33483652 | N93: 0 | O93: =N93+'07'!O93 -> 9309.2475 | Q93: 0 | R93: 0
A94: Ротоупаковочная машина №1 | B94: т/ч | C94: ='01'!C94 -> 60 | D94: =IFERROR(N94/F94,0) -> 0 | E94: =IFERROR(D94/C94,0) -> 0 | G94: =24-F94 -> 24 | H94: =F94/24 -> 0 | I94: =IFERROR(O94/K94,0) -> 89.046875 | J94: =IFERROR(I94/C94,0) -> 1.4841146 | K94: =F94+'07'!K94 -> 32 | L94: =G94+'07'!L94 -> 160 | M94: =K94/(24*8) -> 0.16666667 | N94: =E111+E120+E121+E122 -> 0 | O94: =N94+'07'!O94 -> 2849.5 | Q94: 56 | R94: 56
A95: Ротоупаковочная машина №2 | B95: т/ч | D95: =IFERROR(N95/F95,0) -> 0 | E95: =IFERROR(D95/C95,0) -> 0 | G95: =24-F95 -> 24 | H95: =F95/24 -> 0 | I95: =IFERROR(O95/K95,0) -> 142.05714 | J95: =IFERROR(I95/C95,0) -> 0 | K95: =F95+'07'!K95 -> 7 | L95: =G95+'07'!L95 -> 185 | M95: =K95/(24*8) -> 0.036458333 | N95: =E112+E114+E115+E118+E119 -> 0 | O95: =N95+'07'!O95 -> 994.4
A96: Отгрузка
A97: наименование | B97: ЕдИзм | C97: план на месяц | D97: за сутки | G97: с начала месяца
D99: план | E99: факт | F99: % | G99: план | H99: факт | I99: % | J99: план | K99: откл | L99: с начала месяца | N99: с начала года
A100: ВСЕГО | B100: т | C100: =C101+C110 -> 196140 | D100: =D101+D111 -> 4546 | E100: =E101+E110 -> 0 | F100: =IFERROR((E100/D100),0) -> 0 | G100: =G101+G110 -> 49749 | H100: =H101+H110 -> 19708.25 | I100: =IFERROR((H100/G100),0) -> 0.39615369 | M100: MTBF | O100: MTBF
A101: Навалом, в т.ч. | B101: т | C101: =SUM(C102:C109) -> 143308 | D101: =SUM(D102:D109) -> 4546 | E101: =SUM(E102:E109) -> 0 | F101: =IFERROR((E101/D101),0) -> 0 | G101: =SUM(G102:G109) -> 35187 | H101: =SUM(H102:H109) -> 15844.35 | I101: =IFERROR((H101/G101),0) -> 0.45028988 | L101: ВП №5 | N101: ВП №5
A102: ЦEМ II/B-K(З-И) 32,5H | B102: т | C102: ='01'!C102 -> 0 | D102: 0 | E102: 0 | F102: =IFERROR((E102/D102),0) -> 0 | G102: =D102+'07'!G102 -> 0 | H102: =E102+'07'!H102 -> 0 | I102: =IFERROR((H102/G102),0) -> 0
A103: AMD - 1000 | B103: т | C103: ='01'!C103 -> 11500 | D103: 370 | E103: 0 | F103: =IFERROR((E103/D103),0) -> 0 | G103: =D103+'07'!G103 -> 2855 | H103: =E103+'07'!H103 -> 0 | I103: =IFERROR((H103/G103),0) -> 0
A104: ЦЕМ I 52.5Н | B104: т | C104: ='01'!C104 -> 127150 | D104: 3938 | E104: 0 | F104: =IFERROR((E104/D104),0) -> 0 | G104: =D104+'07'!G104 -> 31156 | H104: =E104+'07'!H104 -> 12980.25 | I104: =IFERROR((H104/G104),0) -> 0.4166212
...

Sheet 09
A1: =CONCATENATE("Ежедневный отчет производства и отгрузки за 09 ",Q1) -> Ежедневный отчет производства и отгрузки за 09 август | Q1: август
Q2: 31
A3: Наименование | B3: ЕдИзм | C3: План на месяц | D3: Остатки на складе на начало месяца | E3: Производство/поступление | J3: Отгружено со склада/отпущено в производство/перемещение | L3: Остаток на складе на конец суток | M3: Акты ОКК о переводе марок/перемещение между складами | N3: Перемещения | O3: Комментарии
E4: план на сутки | F4: факт за сутки | G4: план с начала месяца | H4: факт с начала месяца | I4: % | J4: факт за сутки | K4: факт с начала месяца
A5: Клинкер всего | B5: т | C5: =C6+C9 -> 160800 | D5: =D6+D9+D8 -> 143025.21 | E5: =E6+E9 -> 6700 | F5: =F6+F9 -> 0 | G5: =G6+G9 -> 60300 | H5: =H6+H9 -> 16874.071 | I5: =IFERROR((H5/G5),0) -> 0.27983535 | J5: =J6+J9 -> 0 | K5: =K6+K9+K8 -> 17027.104 | L5: =L6+L9+L8 -> 142872.18
A6: Клинкер грейферный склад | B6: т | C6: ='01'!C6 -> 0 | D6: ='01'!D6 -> 15952.92 | E6: 0 | G6: =E6+'08'!G6 -> 0 | H6: =F6+'08'!H6 -> 6671.6154 | K6: =J6+'08'!K6 -> 0 | L6: =D6+H6-K6-M6-N6 -> 22624.535 | N6: 0
A7: Клинкер некондиция (шихта) | B7: т | D7: ='01'!D7 -> 0 | F7: 0 | H7: =F7+'08'!H7 -> 0 | K7: =J7+'08'!K7 -> 0 | L7: =D7+H7-K7-M7-N7 -> 0
A8: клинкер некондиционный склад БСУ | B8: т | D8: ='01'!D8 -> 0 | H8: =F8+'08'!H8 -> 0 | K8: =J8+'08'!K8 -> 0 | L8: =D8+H8-K8 -> 0
A9: Клинкер сухой линии в т.ч.: | B9: т | C9: ='01'!C9 -> 160800 | D9: ='01'!D9 -> 127072.29 | E9: 6700 | F9: =F10+F11+F8+F12+F13 -> 0 | G9: =E9+'08'!G9 -> 60300 | H9: =F9+'08'!H9 -> 10202.456 | I9: =IFERROR((H9/G9),0) -> 0.16919496 | J9: =J10+J11+J13+J12 -> 0 | K9: =J9+'08'!K9 -> 17027.104 | L9: =D9+H9-K9+M9+N9 -> 120247.65 | N9: 0 | Q9: -23266.572 | R9: =J9-Q9 -> 23266.572
A10: клинкер в силосе | B10: т | D10: ='01'!D10 -> 56300.274 | F10: 0 | G10: =E10+'08'!G10 -> 0 | H10: =F10+'08'!H10 -> 10202.456 | J10: 0 | K10: =J10+'08'!K10 -> 17027.104 | L10: =D10+H10-K10+M10-N10 -> 49475.626
A11: Клинкер СС грейферный склад | B11: т | D11: ='01'!D11 -> 18224.017 | G11: =E11+'08'!G11 -> 0 | H11: =F11+'08'!H11 -> 0 | J11: 0 | K11: =J11+'08'!K11 -> 0 | L11: =D11+H11-K11+M11-N11 -> 18224.017
A12: клинкер на площадку (за шатровый склад) | B12: т | D12: ='01'!D12 -> 52548.003 | E12: =C12/31 -> 0 | G12: =E12+'08'!G12 -> 0 | H12: =F12+'08'!H12 -> 0 | I12: =IFERROR((H12/G12),0) -> 0 | K12: =J12+'08'!K12 -> 0 | L12: =D12+H12-K12+M12-N12 -> 52548.003
A13: клинкер на площадку (лессовый) | B13: т | D13: ='01'!D13 -> 0 | H13: =F13+'08'!H13 -> 0 | K13: =J13+'08'!K13 -> 0 | L13: =D13+H13-K13+M13-N13 -> 0
A14: Цемент в силосах всего, в том числе: | B14: т | C14: =SUM(C15:C21) -> 195040 | D14: ='01'!D14 -> 25904.614 | E14: =SUM(E15:E21) -> 4616 | F14: =SUM(F15:F21) -> 0 | G14: =SUM(G15:G21) -> 54065 | H14: =SUM(H15:H21) -> 18857.688 | I14: =IFERROR((H14/G14),0) -> 0.3487966 | J14: =SUM(J15:J21) -> 0 | K14: =SUM(K15:K21) -> 18951.05 | L14: =SUM(L15:L21) -> 25811.253 | S14: Клинкер фактор | T14: =J5/F14 -> #DIV/0!
A15: ЦЕМ II/А-Г 32.5Н | B15: т | C15: ='01'!C15 -> 0 | D15: ='01'!D15 -> 0 | E15: 0 | F15: 0 | G15: =E15+'08'!G15 -> 0 | H15: =F15+'08'!H15 -> 0 | I15: =IFERROR((H15/G15),0) -> 0 | J15: 0 | K15: =J15+'08'!K15 -> 0 | L15: =D15+H15-K15+M15 -> 0
A16: ЦEМ II/B-K(З-И) 42,5H | B16: т | C16: ='01'!C16 -> 44352 | D16: ='01'!D16 -> 6069.3573 | E16: 1049.6761 | F16: 0 | G16: =E16+'08'!G16 -> 12294.354 | H16: =F16+'08'!H16 -> 3228.5002 | I16: =IFERROR((H16/G16),0) -> 0.26260022 | J16: =IFERROR(SUMIF(A101:A114,A16,E101:E114),0)+E111+E112+E113 -> 0 | K16: =J16+'08'!K16 -> 3320.85 | L16: =D16+H16-K16+M16 -> 5977.0075
A17: AMD - 1000 | B17: т | C17: ='01'!C17 -> 0 | D17: ='01'!D17 -> 483.2374 | E17: 0 | F17: 0 | G17: =E17+'08'!G17 -> 0 | H17: =F17+'08'!H17 -> 0 | I17: =IFERROR((H17/G17),0) -> 0 | J17: =IFERROR(SUMIF(A102:A115,A17,E102:E115),0)+E116+E119+E121+E114 -> 0 | K17: =J17+'08'!K17 -> 0 | L17: =D17+H17-K17+M17 -> 483.2374 | S17: Коэф. мука-клинкер | T17: =O51/F5 -> #DIV/0!
A18: ЦEМ II/B-K(З-И) 32,5H | B18: т | C18: ='01'!C18 -> 1360 | D18: ='01'!D18 -> 3183.2381 | G18: =E18+'08'!G18 -> 0 | H18: =F18+'08'!H18 -> 0 | I18: =IFERROR((H18/G18),0) -> 0 | J18: =IFERROR(SUMIF(A102:A115,A18,E102:E115),0)+E118+E120 -> 0 | K18: =J18+'08'!K18 -> 0 | L18: =D18+H18-K18-M18 -> 3183.2381
A19: ='01'!A19 -> ЦЕМ I 52.5Н | B19: т | C19: ='01'!C19 -> 145770 | D19: ='01'!D19 -> 12764.734 | E19: 3449.9299 | F19: 0 | G19: =E19+'08'!G19 -> 40407.378 | H19: =F19+'08'!H19 -> 15629.188 | I19: =IFERROR((H19/G19),0) -> 0.38679045 | J19: =IFERROR(SUMIF(A102:A115,A19,E102:E115),0)+E117+E115+E122 -> 0 | K19: =J19+'08'!K19 -> 14803.6 | L19: =D19+H19-K19+M19 -> 13590.322
A20: ЦЕМ I 42.5Н СС | B20: т | C20: ='01'!C20 -> 3558 | D20: ='01'!D20 -> 3404.048 | E20: 84.206973 | F20: 0 | G20: =E20+'08'!G20 -> 986.27599 | H20: =F20+'08'!H20 -> 0 | I20: =IFERROR((H20/G20),0) -> 0 | J20: =IFERROR(SUMIF(A102:A115,A20,E102:E115),0) -> 0 | K20: =J20+'08'!K20 -> 826.6 | L20: =D20+H20-K20+M20 -> 2577.448
A21: ='01'!A21 -> ЦЕМ I 42.5Н | B21: т | C21: ='01'!C21 -> 0 | D21: ='01'!D21 -> 8.7766239e-11 | E21: 32.187039 | F21: 0 | G21: =E21+'08'!G21 -> 376.99139 | H21: =F21+'08'!H21 -> 0 | I21: =IFERROR((H21/G21),0) -> 0 | J21: =IFERROR(SUMIF(A102:A115,A21,E102:E115),0) -> 0 | K21: =J21+'08'!K21 -> 0 | L21: =D21+H21-K21+M21 -> 8.7766239e-11
A22: AMD - 6 (навал) | C22: ='01'!C22 -> 1100 | D22: ='01'!D22 -> 2833.7506 | E22: 0 | F22: 0 | G22: =E22+'08'!G22 -> 0 | H22: =F22+'08'!H22 -> 2130.1045 | J22: =IFERROR(SUMIF(A103:A123,A22,E103:E123),0)+E109 -> 0 | K22: =J22+'08'!K22 -> 757.2 | L22: =D22+H22-K22+M22 -> 4206.6551
A23: Тара: МКР | B23: т | C23: ='01'!C23 -> 0 | D23: ='01'!D23 -> 52 | E23: 0 | F23: =SUM(F24:F29) -> 0 | G23: =E23+'08'!G23 -> 0 | H23: =SUM(H24:H29) -> 0 | I23: =IFERROR((H23/G23),0) -> 0 | J23: =SUM(J24:J29) -> 0 | K23: =J23+'08'!K23 -> 20 | L23: =D23+H23-K23+M23 -> 32
A24: ЦЕМ II/А-К (З-И) 42,5Н | B24: т | D24: ='01'!D24 -> 0 | F24: 0 | G24: =E24+'08'!G24 -> 0 | H24: =F24+'08'!H24 -> 0 | J24: 0 | K24: =J24+'08'!K24 -> 0 | L24: =D24+H24-K24+M24 -> 0
A25: ЦEМ II/B-K(З-И) 32,5H | B25: т | D25: ='01'!D25 -> 16 | F25: 0 | G25: =E25+'08'!G25 -> 0 | H25: =F25+'08'!H25 -> 0 | J25: 0 | K25: =J25+'08'!K25 -> 20 | L25: =D25+H25-K25+M25 -> -4
A26: ='01'!A26 -> ЦEМ I 52,5H Портландцемент (МКР) | B26: т | D26: ='01'!D26 -> 36 | F26: 0 | G26: =E26+'08'!G26 -> 0 | H26: =F26+'08'!H26 -> 0 | J26: 0 | K26: =J26+'08'!K26 -> 0 | L26: =D26+H26-K26+M26 -> 36
A27: ='01'!A27 -> ЦЕМ I 42.5Н | B27: т | D27: ='01'!D27 -> 0 | F27: 0 | G27: =E27+'08'!G27 -> 0 | H27: =F27+'08'!H27 -> 0 | K27: =J27+'08'!K27 -> 0 | L27: =D27+H27-K27+M27 -> 0
B28: т | F28: =J28 -> 0 | G28: =E28+'08'!G28 -> 0 | H28: =F28+'08'!H28 -> 0 | K28: =J28+'08'!K28 -> 0 | L28: =D28+H28-K28+M28 -> 0
B29: т | F29: =J29 -> 0 | G29: =E29+'08'!G29 -> 0 | H29: =F29+'08'!H29 -> 0 | K29: =J29+'08'!K29 -> 0 | L29: =D29+H29-K29+M29 -> 0
A30: Тара: паллеты | B30: т | D30: ='01'!D30 -> 1513.6 | F30: =SUM(F31:F37) -> 0 | G30: =E30+'08'!G30 -> 0 | H30: =SUM(H31:H37) -> 554.4 | I30: =IFERROR((H30/G30),0) -> 0 | J30: =SUM(J31:J37) -> 0 | K30: =J30+'08'!K30 -> 994.4 | L30: =D30+H30-K30+M30 -> 1073.6
A31: ЦЕМ II/А-К (З-И) 42,5Н | B31: т | D31: ='01'!D31 -> 0 | F31: 0 | G31: =E31+'08'!G31 -> 0 | H31: =F31+'08'!H31 -> 0 | J31: 0 | K31: =J31+'08'!K31 -> 0 | L31: =D31+H31-K31+M31 -> 0
A32: ЦEМ II/B-K(З-И) 42,5H | B32: т | D32: ='01'!D32 -> 1508.32 | F32: 0 | G32: =E32+'08'!G32 -> 0 | H32: =F32+'08'!H32 -> 554.4 | J32: 0 | K32: =J32+'08'!K32 -> 994.4 | L32: =D32+H32-K32+M32 -> 1068.32
A33: ='01'!A33 -> ЦЕМ I 52.5Н | B33: т | D33: ='01'!D33 -> 5.28 | F33: 0 | G33: =E33+'08'!G33 -> 0 | H33: =F33+'08'!H33 -> 0 | J33: 0 | K33: =J33+'08'!K33 -> 0 | L33: =D33+H33-K33+M33 -> 5.28
A34: ='01'!A34 -> ЦЕМ I 42.5Н | B34: т | D34: ='01'!D34 -> 0 | F34: 0 | G34: =E34+'08'!G34 -> 0 | H34: =F34+'08'!H34 -> 0 | K34: =J34+'08'!K34 -> 0 | L34: =D34+H34-K34+M34 -> 0
B35: т | F35: =J35 -> 0 | G35: =E35+'08'!G35 -> 0 | H35: =F35+'08'!H35 -> 0 | K35: =J35+'08'!K35 -> 0 | L35: =D35+H35-K35+M35 -> 0
A36: Песок природный | B36: т | C36: ='01'!C36 -> 3500 | D36: ='01'!D36 -> 1673.24 | F36: =J36 -> 0 | G36: =E36+'08'!G36 -> 0 | H36: =F36+'08'!H36 -> 0 | J36: 0 | K36: =J36+'08'!K36 -> 0 | L36: =D36+H36-K36+M36 -> 1673.24
A37: Щебень фракции 5-20 | B37: т | C37: ='01'!C37 -> 0 | D37: ='01'!D37 -> 294.64 | F37: =J37 -> 0 | G37: =E37+'08'!G37 -> 0 | H37: =F37+'08'!H37 -> 0 | J37: 0 | K37: =J37+'08'!K37 -> 0 | L37: =D37+H37-K37+M37 -> 294.64
A38: Известняк общий: | B38: т | C38: ='01'!C38 -> 153958.11 | D38: ='01'!D38 -> 1756.983 | E38: =C38/31 -> 4966.3906 | F38: =SUM(F39:F42) -> 0 | G38: =E38+'08'!G38 -> 44697.515 | H38: =F38+'08'!H38 -> 9132.5708 | I38: =IFERROR((H38/G38),0) -> 0.20431943 | J38: =SUM(J39:J40) -> 0 | K38: =J38+'08'!K38 -> 9083.5708 | L38: =D38+H38-K38 -> 1805.983
A39: известняк на шатровый склад | B39: т | F39: 0 | H39: =F39+'08'!H39 -> 6840.5708 | J39: =F39 -> 0 | K39: =J39+'08'!K39 -> 6840.5708
A40: известняк на помол | B40: т | F40: 0 | H40: =F40+'08'!H40 -> 2292 | J40: 0 | K40: =J40+'08'!K40 -> 2243
A41: известняк на цемент мокрый | B41: т | H41: =F41+'08'!H41 -> 0 | K41: =J41+'08'!K41 -> 0
A42: известняк на цемент сухой | B42: т | H42: =F42+'08'!H42 -> 0 | K42: =J42+'08'!K42 -> 0
A43: Мергель | B43: т | C43: ='01'!C43 -> 96601.879 | E43: =C43/30 -> 3220.0626 | F43: 0 | G43: =E43+'08'!G43 -> 28980.564 | H43: =F43+'08'!H43 -> 8403.8 | I43: =IFERROR((H43/G43),0) -> 0.28998056 | J43: =F43 -> 0 | K43: =J43+'08'!K43 -> 8403.8 | L43: =D43+H43-K43 -> 0
A44: Глина (лёсс) всего: | B44: т | C44: ='01'!C44 -> 40846.933 | D44: ='01'!D44 -> 3759.4565 | E44: =C44/30 -> 1361.5644 | F44: 0 | G44: =E44+'08'!G44 -> 12254.08 | H44: =F44+'08'!H44 -> 7255 | I44: =IFERROR((H44/G44),0) -> 0.59204771 | J44: 0 | K44: =J44+'08'!K44 -> 4780.2486 | L44: =D44+H44-K44 -> 6234.2079
A45: лесс на мокрый | H45: =F45+'08'!H45 -> 0 | K45: =J45+'08'!K45 -> 0
A46: лесс на сухой | H46: =F46+'08'!H46 -> 0 | K46: =J46+'08'!K46 -> 0
A47: лесс корректировочный | H47: =F47+'08'!H47 -> 0 | K47: =J47+'08'!K47 -> 0
A48: Сырьевая смесь | B48: т | C48: ='01'!C48 -> 238663.47 | D48: ='01'!D48 -> 14554.972 | E48: =C48/30 -> 7955.4488 | F48: 0 | G48: =E48+'08'!G48 -> 71599.04 | H48: =F48+'08'!H48 -> 15244.371 | I48: =IFERROR((H48/G48),0) -> 0.21291306 | J48: 0 | K48: =J48+'08'!K48 -> 27730.382 | L48: =D48+H48-K48 -> 2068.961
A49: Сырьевая мука, в т.ч.: | B49: т | C49: =C50+C51 -> 256898.95 | D49: =D50+D51 -> 6890.392 | E49: =SUM(E50:E51) -> 11000 | F49: =SUM(F50:F51) -> 0 | G49: =SUM(G50:G51) -> 96898.95 | H49: =SUM(H50:H51) -> 32176.187 | I49: =IFERROR((H49/G49),0) -> 0.33205919 | J49: =SUM(J50:J51) -> 0 | K49: =SUM(K50:K51) -> 26069.181 | L49: =D49+H49-K49+M49 -> 12997.398
A50: Производства №1 | B50: т | C50: ='01'!C50 -> 0 | D50: ='01'!D50 -> 2323.23 | E50: 0 | G50: =E50+'08'!G50 -> 0 | H50: =F50+'08'!H50 -> 0 | I50: =IFERROR((H50/G50),0) -> 0 | K50: =J50+'08'!K50 -> 0 | L50: =D50+H50-K50+M50 -> 2323.23
